Registry,Assignment,Organization Name,Organization Address
000C29,"VMware, Inc."
MA-L,286FB9,"Nokia Shanghai Bell Co., Ltd.","No.388 Ning Qiao Road,Jin Qiao Pudong Shanghai Shanghai   CN 201206 "
MA-L,08EA44,Extreme Networks Headquarters,2121 RDU Center Drive  Morrisville NC US 27560 
MA-L,F4EAB5,Extreme Networks Headquarters,2121 RDU Center Drive  Morrisville NC US 27560 
MA-L,B87CF2,Extreme Networks Headquarters,2121 RDU Center Drive  Morrisville NC US 27560 
MA-L,E0A129,Extreme Networks Headquarters,2121 RDU Center Drive Morrisville NC US 27560 
MA-L,A8C647,Extreme Networks Headquarters,2121 RDU Center Drive  Morrisville NC US 27560 
MA-L,A473AB,Extreme Networks Headquarters,2121 RDU Center Drive  Morrisville NC US 27560 
MA-L,0C9B78,Extreme Networks Headquarters,2121 RDU Center Drive  Morrisville NC US 27560 
MA-L,A4C7F6,Extreme Networks Headquarters,2121 RDU Center Drive  Morrisville NC US 27560 
MA-L,B42D56,Extreme Networks Headquarters,2121 RDU Center Drive  Morrisville NC US 27560 
MA-L,887E25,Extreme Networks Headquarters,2121 RDU Center Drive  Morrisville NC US 27560 
MA-L,001977,Extreme Networks Headquarters,2121 RDU Center Drive  Morrisville NC US 27560 
MA-L,38E2CA,Katun Corporation,7760 France Ave S Suite 340 Bloomington MN US 55438 
MA-L,B05B99,Sagemcom Broadband SAS,"250, route de l'Empereur Rueil Malmaison Cedex hauts de seine FR 92848 "
MA-L,E80AB9,"Cisco Systems, Inc",80 West Tasman Drive San Jose CA US 94568 
MA-L,78465F,"Fiberhome Telecommunication Technologies Co.,LTD",No.5 DongXin Road Wuhan Hubei CN 430074 
MA-L,9075DE,Zebra Technologies Inc.,ONE ZEBRA PLAZA HOLTSVILLE NY US 11742 
MA-L,80BA16,Micas Networks Inc.," 250 Tasman Drive, Ste 170, San Jose, CA 95134 San Jose CA US 95134 "
MA-L,10E992,INGRAM MICRO SERVICES,100 CHEMIN DE BAILLOT MONTAUBAN  FR 82000 
MA-L,78F276,Cyklop Fastjet Technologies (Shanghai) Inc.,"No 18?Lane 699, Zhang Wengmiao Rd,  Fengxian district, Shanghai China Shanghai  CN 201401 "
MA-L,20F83B,"Nabu Casa, Inc.","8 The Green, Suite 12630 Dover DE US 19901 "
MA-L,F01B24,zte corporation,"12/F.,zte R&D building ,kejinan Road,Shenzhen,P.R.China shenzhen  guangdong CN 518057 "
MA-L,B84C87,IEEE Registration Authority,445 Hoes Lane Piscataway NJ US 08554 
MA-L,E4F14C,Private,
MA-L,10061C,Espressif Inc.,"Room 204, Building 2, 690 Bibo Rd, Pudong New Area Shanghai Shanghai CN 201203 "
MA-L,E00630,"HUAWEI TECHNOLOGIES CO.,LTD","No.2 Xin Cheng Road, Room R6,Songshan Lake Technology Park Dongguan  CN 523808 "
MA-L,04D168,"Sunplus Technology Co., Ltd.","19, Innovation First Road, Hsinchu Science Park Hsinchu  TW 300 "
MA-L,644C69,CONPROVE,"75, Visconde de Ouro Preto St. Uberlândia Minas Gerais BR 38405-202 "
MA-L,DCD160,"Tianjin Changdatong Technology Co.,LTD","Unit 601, 602, Building 1, Zhongxing Industrial Base, No. 2 East 7th Road, Tianjin Pilot Free Trade Zone (Airport Economic Zone) Tianjin  CN 300308 "
MA-L,644ED7,HP Inc.,10300 Energy Dr Spring TX US 77389 
MA-L,9CE330,Cisco Meraki,500 Terry A. Francois Blvd San Francisco  US 94158 
MA-L,04A959,"New H3C Technologies Co., Ltd","466 Changhe Road, Binjiang District Hangzhou Zhejiang CN 310052 "
MA-L,0CB983,"Honor Device Co., Ltd.","Suite 3401, Unit A, Building 6, Shum Yip Sky Park, No. 8089, Hongli West Road, Xiangmihu Street, Futian District  Shenzhen  Guangdong CN 518040 "
MA-L,2CB301,"Honor Device Co., Ltd.","Suite 3401, Unit A, Building 6, Shum Yip Sky Park, No. 8089, Hongli West Road, Xiangmihu Street, Futian District  Shenzhen  Guangdong CN 518040 "
MA-L,000E72,Arca Technologies S.r.l.,via Statale 17 Bollengo Torino IT 10012 
MA-L,E0C2B7,Masimo Corporation,52 Discovery Irvine CA US 92618 
MA-L,C88BE8,Masimo Corporation,52 Discovery Irvine CA US 92618 
MA-L,E4C767,Intel Corporate,"Lot 8, Jalan Hi-Tech 2/3   Kulim Kedah MY 09000 "
MA-L,902D77,Edgecore Americas Networking Corporation,20 Mason Irvine CA US 92618 
MA-L,6CFBED,GN Audio A/S,Lautrupbjerg 7 Ballerup  DK DK-2750 
MA-L,E4F27C,Juniper Networks,1133 Innovation Way Sunnyvale CA US 94089 
MA-L,906C4B,Advance Security Electronics,8228 NW South River Dr Medley FL US 33166 
MA-L,D48AFC,Espressif Inc.,"Room 204, Building 2, 690 Bibo Rd, Pudong New Area Shanghai Shanghai CN 201203 "
MA-L,E465B8,Espressif Inc.,"Room 204, Building 2, 690 Bibo Rd, Pudong New Area Shanghai Shanghai CN 201203 "
MA-L,E001C7,"Hui Zhou Gaoshengda Technology Co.,LTD","No.2,Jin-da Road,Huinan Industrial Park Hui Zhou Guangdong CN 516025 "
MA-L,B4DF91,Cisco Meraki,500 Terry A. Francois Blvd San Francisco  US 94158 
MA-L,98EE8C,zte corporation,"12/F.,zte R&D building ,kejinan Road,Shenzhen,P.R.China shenzhen  guangdong CN 518057 "
MA-L,FC500C,Sitehop Ltd,"The Workstation, 15 Paternoster Row Sheffield South Yorkshire GB S1 2BX "
MA-L,50E478,"Sichuan AI-Link Technology Co., Ltd.","Anzhou, Industrial Park Mianyang Sichuan CN 622650 "
MA-L,90C710,zte corporation,"12/F.,zte R&D building ,kejinan Road,Shenzhen,P.R.China shenzhen  guangdong CN 518057 "
MA-L,48D475,Lampuga GmbH,Werkstr. 11 Rastatt  DE 76437 
MA-L,601AC7,"Nintendo Co.,Ltd","11-1 HOKOTATE-CHO KAMITOBA,MINAMI-KU KYOTO KYOTO JP 601-8501 "
MA-L,48DA35,IEEE Registration Authority,445 Hoes Lane Piscataway NJ US 08554 
MA-L,A881FE,"Luxul Tech Co., Ltd","9/F, Yihua Commercial Building, No. 16, Jiuyi Road, Licheng District, Quanzhou, Fujian  Quanzhou Fujian CN 362000 "
MA-L,649A08,"Shenzhen SuperElectron Technology Co.,Ltd.","Layer 13,Haosheng Business Center,Dongbin Road,Nanshan District Shenzhen guangdong CN 518052 "
MA-L,50F222,EM Microelectronic,Rue des Sors 3 Marin-Epagnier Neuchatel CH 2074 
MA-L,307A57,Accuenergy (CANADA) Inc,22 Howden Rd Scarborough Ontario CA M1R 3E4 
MA-L,CCEB5E,Xiaomi Communications Co Ltd,"#019, 9th Floor, Building 6, 33 Xi'erqi Middle Road Beijing Haidian District CN 100085 "
MA-L,60C78D,Juniper Networks,1133 Innovation Way Sunnyvale CA US 94089 
MA-L,DC5193,zte corporation,"12/F.,zte R&D building ,kejinan Road,Shenzhen,P.R.China shenzhen  guangdong CN 518057 "
MA-L,7478A6,"Fortinet, Inc.",899 Kifer Road Sunnyvale  US 94086 
MA-L,001982,SmarDTV Corporation,147 Avenue du Jujubier ZI Athelia IV La Ciotat CH 13600 
MA-L,50FE0C,AzureWave Technology Inc.,"8F., No. 94, Baozhong Rd. New Taipei City Taiwan TW 231 "
MA-L,BCFD0C,Shenzhen Phaten Tech. LTD,"C-6 ideamonto industril 7002 Songbai Road Guangming District Shenzhen City Guangdong, China Shenzhen  CN 518108 "
MA-L,1865C7,Dongguan YIMO Technology Co.LTD,"No.67, Qingxi Section, Qingzhang Road, Qingxi Town, Dongguan City, Guangdong Province Dongguan Guangdong CN 523660 "
MA-L,0C01C8,"DENSO Co.,Ltd","Twin21 MIDTower(24th floor),2-1-61 Shiromi,Chuo-ku,Osaka-shi Osaka JP 540-6124 "
MA-L,F42E48,zte corporation,"12/F.,zte R&D building ,kejinan Road,Shenzhen,P.R.China shenzhen  guangdong CN 518057 "
MA-L,ACD75B,Sagemcom Broadband SAS,"250, route de l'Empereur Rueil Malmaison Cedex hauts de seine FR 92848 "
MA-L,B4C2E0,"Bouffalo Lab (Nanjing) Co., Ltd.","5F, Gongxiang Space, No.100 Tuanjie Road, Nanjing, China Nanjing Jiangsu CN 211800 "
MA-L,040986,Arcadyan Corporation,"No.8, Sec.2, Guangfu Rd. Hsinchu City Hsinchu TW 30071 "
MA-L,481BA4,"Cisco Systems, Inc",80 West Tasman Drive San Jose CA US 94568 
MA-L,F0EE7A,"Apple, Inc.",1 Infinite Loop Cupertino CA US 95014 
MA-L,203AEB,zte corporation,"12/F.,zte R&D building ,kejinan Road,Shenzhen,P.R.China shenzhen  guangdong CN 518057 "
MA-L,5876B3,"Ubee Interactive Co., Limited","Flat/RM 1202, 12/F, AT Tower, 180 Electric Road North Point  HK 00000 "
MA-L,E87072,"Hangzhou BroadLink Technology Co.,Ltd","Room 101,1/F,Unit C,Building 1,No.57 Jiang'er Road,Changhe Street,Binjiang District,Hangzhou,Zhejiang,P.R.China Hangzhou Zhejiang CN 310052 "
MA-L,D8DAF1,"HUAWEI TECHNOLOGIES CO.,LTD","No.2 Xin Cheng Road, Room R6,Songshan Lake Technology Park Dongguan  CN 523808 "
MA-L,54443B,"HUAWEI TECHNOLOGIES CO.,LTD","No.2 Xin Cheng Road, Room R6,Songshan Lake Technology Park Dongguan  CN 523808 "
MA-L,5C7075,"HUAWEI TECHNOLOGIES CO.,LTD","No.2 Xin Cheng Road, Room R6,Songshan Lake Technology Park Dongguan  CN 523808 "
MA-L,CC03FA,Vantiva USA LLC,5030 Sugarloaf Parkway Bldg 6 Lawrenceville GA US 30044 
MA-L,48F7C0,Vantiva USA LLC,5030 Sugarloaf Parkway Bldg 6 Lawrenceville GA US 30044 
MA-L,480033,Vantiva USA LLC,5030 Sugarloaf Parkway Bldg 6 Lawrenceville GA US 30044 
MA-L,14987D,Vantiva USA LLC,5030 Sugarloaf Parkway Bldg 6 Lawrenceville GA US 30044 
MA-L,58238C,Vantiva USA LLC,5030 Sugarloaf Parkway Bldg 6 Lawrenceville GA US 30044 
MA-L,80B234,Vantiva USA LLC,5030 Sugarloaf Parkway Bldg 6 Lawrenceville GA US 30044 
MA-L,8417EF,Vantiva USA LLC,5030 Sugarloaf Parkway Bldg 6 Lawrenceville GA US 30044 
MA-L,A456CC,Vantiva USA LLC,5030 Sugarloaf Parkway Bldg 6  Lawrenceville GA US 30044 
MA-L,70037E,Vantiva USA LLC,5030 Sugarloaf Parkway Bldg 6  Lawrenceville GA US 30044 
MA-L,441C12,Vantiva USA LLC,5030 Sugarloaf Parkway Bldg 6  Lawrenceville GA US 30044 
MA-L,5C7695,Vantiva USA LLC,5030 Sugarloaf Parkway Bldg 6  Lawrenceville GA US 30044 
MA-L,AC4CA5,Vantiva USA LLC,"4855 Peachtree Industrial Blvd, Suite 20 Norcross GA US 30902 "
MA-L,00CB7A,Vantiva USA LLC,"4855 Peachtree Industrial Blvd, Suite 20 Norcross GA US 30902 "
MA-L,F8D2AC,Vantiva USA LLC,"4855 Peachtree Industrial Blvd, Suite 20 Norcross GA US 30902 "
MA-L,CCF3C8,Vantiva USA LLC,5030 Sugarloaf Parkway Bldg 6  Lawrenceville  GA US 30044 
MA-L,40F3B0,Texas Instruments,12500 TI Blvd Dallas TX US 75243 
MA-L,149CEF,Texas Instruments,12500 TI Blvd Dallas TX US 75243 
MA-L,80C41B,Texas Instruments,12500 TI Blvd Dallas TX US 75243 
MA-L,3468B5,Texas Instruments,12500 TI Blvd Dallas TX US 75243 
MA-L,58AD12,"Apple, Inc.",1 Infinite Loop Cupertino CA US 95014 
MA-L,60FDA6,"Apple, Inc.",1 Infinite Loop Cupertino CA US 95014 
MA-L,80A997,"Apple, Inc.",1 Infinite Loop Cupertino CA US 95014 
MA-L,348C5E,"Apple, Inc.",1 Infinite Loop Cupertino CA US 95014 
MA-L,D0B2C4,Vantiva USA LLC,5030 Sugarloaf Parkway Bldg 6 Lawrenceville GA US 30044 
MA-L,80C6AB,Vantiva USA LLC,5030 Sugarloaf Parkway Bldg 6 Lawrenceville GA US 30044 
MA-L,383FB3,Vantiva USA LLC,5030 Sugarloaf Parkway Bldg 6  Lawrenceville GA US 30044 
MA-L,641236,Vantiva USA LLC,5030 Sugarloaf Parkway Bldg 6  Lawrenceville GA US 30044 
MA-L,0C75D2,"Hangzhou Hikvision Digital Technology Co.,Ltd.",No.555 Qianmo Road  Hangzhou Zhejiang CN 310052 
MA-L,D87766,"Nurivoice Co., Ltd","NURI Bld, 16 Sapyeong-daero Seoul Seocho-gu KR 06552 "
MA-L,B8A75E,"Wuxi Xinjie Electric Co.,Ltd","No.9 Liu Tang Road, Hu Tai Industrial Park, Binhu District,  Wuxi Jiangsu CN 320200 "
MA-L,8C53E6,Wistron Neweb Corporation,"No.20,Park Avenue II,Hsinchu Science Park Hsin-Chu R.O.C. TW 308 "
MA-L,708185,"New H3C Technologies Co., Ltd","466 Changhe Road, Binjiang District Hangzhou Zhejiang CN 310052 "
MA-L,50D33B,cloudnineinfo,xiaoshan Wujin load #19 hangzhou zhejiang CN 311258 
MA-L,84C8A0,"Hui Zhou Gaoshengda Technology Co.,LTD","No.2,Jin-da Road,Huinan Industrial Park Hui Zhou Guangdong CN 516025 "
MA-L,8C3B4A,"Universal Global Scientific Industrial Co., Ltd.","141, Lane 351, Taiping Road, Sec.1,Tsao Tuen Nan-Tou Taiwan TW 54261 "
MA-L,A88B28,"SHENZHEN DIYANG SMART TECHNOLOGY CO.,LTD.","Room 202, Building 4, Research & Creation Valley High-tech Incubation Park, Gongming Street, Guangming District, Shenzhen(www.diyangsmart.com) Shenzhen Guangdong CN 518107 "
MA-L,08F01E,eero inc.,660 3rd Street San Francisco CA US 94107 
MA-L,18A5FF,Arcadyan Corporation,"No.8, Sec.2, Guangfu Rd. Hsinchu City Hsinchu TW 30071 "
MA-L,8C1AF3,"Shenzhen Gooxi Information Security CO.,Ltd.","A District,5th Floor,Block A3,Digital Technology Park,Gaoxin South 7th Road,District of High-tech Industrial Park,Nanshan District , Shenzhen, Guangdong  Province Shenzhen Guangdong CN 518100 "
MA-L,F4B6C6,Indra Heera Technology LLP,"Narayan Colony, Old Police Line, Arrah Bhojpur Bihar IN 802301 "
MA-L,6C03B5,"Cisco Systems, Inc",80 West Tasman Drive San Jose CA US 94568 
MA-L,58C41E,IEEE Registration Authority,445 Hoes Lane Piscataway NJ US 08554 
MA-L,A89162,Sophos Ltd,The Pentagon Abingdon Oxfordshire GB OX14 3YP 
MA-L,709883,"SHENZHEN KAYAN ELECTRONICS., LTD.","ROOM 1801B1,HENGFANG TECHNOLOGY BUILDING, NO.4008,XINHU ROAD,YONGFENG COMMUNITY, BAO'AN DISTRICT,SHENZHEN Shenzhen  CN 518126 "
MA-L,F43A7B,zte corporation,"12/F.,zte R&D building ,kejinan Road,Shenzhen,P.R.China shenzhen  guangdong CN 518057 "
MA-L,689E29,zte corporation,"12/F.,zte R&D building ,kejinan Road,Shenzhen,P.R.China shenzhen  guangdong CN 518057 "
MA-L,E44097,"GUANGDONG OPPO MOBILE TELECOMMUNICATIONS CORP.,LTD","NO.18 HAIBIN ROAD, DONG GUAN GUANG DONG CN 523860 "
MA-L,DCB4CA,"GUANGDONG OPPO MOBILE TELECOMMUNICATIONS CORP.,LTD","NO.18 HAIBIN ROAD, DONG GUAN GUANG DONG CN 523860 "
MA-L,8CD54A,"TAIYO YUDEN CO.,LTD","8-1, Sakae-cho Takasaki-shi Gunma JP 370-8522 "
MA-L,A002A5,Intel Corporate,"Lot 8, Jalan Hi-Tech 2/3   Kulim Kedah MY 09000 "
MA-L,ACC048,"OnePlus Technology (Shenzhen) Co., Ltd","18C02, 18C03, 18C04 ,18C05,TAIRAN BUILDING, Shenzhen Guangdong CN 518000 "
MA-L,408432,Microchip Technology Inc.,2355 W. Chandler Blvd. Chandler AZ US 85224 
MA-L,44D5C1,EM Microelectronic,Rue des Sors 3 Marin-Epagnier Neuchatel CH 2074 
MA-L,943BB1,"Kaon Group Co., Ltd.","KAONMEDIA Building 513-4 Sungnam-City Kyonggi-Do KR 463-839, KOREA "
MA-L,44F034,"Kaon Group Co., Ltd.","884-3, Seongnam-daero, Bundang-gu Seongnam-si Gyeonggi-do KR 13517 "
MA-L,888F10,"Shenzhen Max Infinite Technology Co.,Ltd.","Room 908 Building 2, Aviation&Space Building, No.53 Gaoxin South 9th Road, Gaoxin Community, Yuehai Street,Nanshan District, Shenzhen Shenzhen Guangdong CN 518000 "
MA-L,C4799F,"Haiguang Smart Device Co.,Ltd.","Room 202,2nd.Floor,3rd.Building,Kuiqiao Road, No.2,Tangxia Town,Dongguan Dongguan Guangdong CN 523000 "
MA-L,842859,Amazon Technologies Inc.,P.O Box 8102  Reno NV US 89507 
MA-L,5016F4,"Motorola Mobility LLC, a Lenovo Company",222 West Merchandise Mart Plaza Chicago IL US 60654 
MA-L,3C08CD,Juniper Networks,1133 Innovation Way Sunnyvale CA US 94089 
MA-L,68505D,Halo Technologies,15775 Gateway Cir Tustin CA US 92780 
MA-L,7C6A8A,"SINOBONDER Technology Co., Ltd.","Building 1, No. 245, Guanchang Road, Dongcheng District Dongguan Guangdong CN 523000 "
MA-L,90ECE3,Nokia,600 March Road Kanata Ontario CA K2K 2E6 
MA-L,887B2C,zte corporation,"12/F.,zte R&D building ,kejinan Road,Shenzhen,P.R.China shenzhen  guangdong CN 518057 "
MA-L,60DBEF,Unify Software and Solutions GmbH & Co. KG,Otto-Hahn-Ring 6 Munich  DE 81739 
MA-L,0016F6,Nevion,Lysaker Torg 5  Lysaker  NO NO-1366 
MA-L,40B7FC,Phyplus Microelectronics Limited,304 Building 1 No.608 Sheng Xia Road Shanghai  CN 200000 
MA-L,682C4F,leerang corporation,"#101,69, Jongam-ro 28-gil, Seongbuk-gu seoul  KR 02797 "
MA-L,68DDB7,"TP-LINK TECHNOLOGIES CO.,LTD.","Building 24(floors 1,3,4,5)and 28(floors 1-4)Central Science and Technology Park,Shennan Road,Nanshan Shenzhen Guangdong CN 518057 "
MA-L,14D864,"TP-LINK TECHNOLOGIES CO.,LTD.","Building 24(floors 1,3,4,5)and 28(floors 1-4)Central Science and Technology Park,Shennan Road,Nanshan Shenzhen Guangdong CN 518057 "
MA-L,B851A9,Nokia,600 March Road Kanata Ontario CA K2K 2E6 
MA-L,D077CE,Edgecore Networks Corporation,1 Creation RD 3. Hsinchu  TW 30077 
MA-L,ECAFF9,Hailo Technologies Ltd.,94 Yigal Alon Tel Aviv  IL 6789139 
MA-L,FC59C0,Arista Networks,5453 Great America Parkway Santa Clara CA US 95054 
MA-L,641B2F,"Samsung Electronics Co.,Ltd","#94-1, Imsoo-Dong Gumi Gyeongbuk KR 730-350 "
MA-L,9C73B1,"Samsung Electronics Co.,Ltd","#94-1, Imsoo-Dong Gumi Gyeongbuk KR 730-350 "
MA-L,388A06,"Samsung Electronics Co.,Ltd","#94-1, Imsoo-Dong Gumi Gyeongbuk KR 730-350 "
MA-L,B0D888,"Panasonic Automotive Systems Co.,Ltd",5652 Matsumoto City Nagano JP 399-8730 
MA-L,40D4F6,"Honor Device Co., Ltd.","Suite 3401, Unit A, Building 6, Shum Yip Sky Park, No. 8089, Hongli West Road, Xiangmihu Street, Futian District  Shenzhen  Guangdong CN 518040 "
MA-L,7C3180,SMK corporation,6-5-5 Togoshi Shinagawa  JP 1428511 
MA-L,905607,"Sichuan AI-Link Technology Co., Ltd","Anzhou,Industrial Park Anzhou,Industrial Park Sichuan CN 621000 "
MA-L,483133,Robert Bosch Elektronika Kft.,Robert Bosch út 1. Hatvan  HU 3000 
MA-L,B8AB61,Cisco Meraki,500 Terry A. Francois Blvd San Francisco  US 94158 
MA-L,782DAD,"HUAWEI TECHNOLOGIES CO.,LTD","No.2 Xin Cheng Road, Room R6,Songshan Lake Technology Park Dongguan  CN 523808 "
MA-L,D06158,"HUAWEI TECHNOLOGIES CO.,LTD","No.2 Xin Cheng Road, Room R6,Songshan Lake Technology Park Dongguan  CN 523808 "
MA-L,244BF1,"HUAWEI TECHNOLOGIES CO.,LTD","No.2 Xin Cheng Road, Room R6,Songshan Lake Technology Park Dongguan  CN 523808 "
MA-L,60152B,Palo Alto Networks,3000 Tannery Way Santa Clara CA US 95054 
MA-L,44D77E,Robert Bosch GmbH,Tuebinger Str. 123 Reutlingen  DE 72762 
MA-L,908855,"Cisco Systems, Inc",80 West Tasman Drive San Jose CA US 94568 
MA-L,687161,"Cisco Systems, Inc",80 West Tasman Drive San Jose CA US 94568 
MA-L,883F37,"UHTEK CO., LTD.","403DONG 503HO, 655 PYEONGCHEON-RO BUCHEONSI KYEONGGIDO KR 14502 "
MA-L,0080B8,"DMG MORI Digital Co., LTD","1-1-14 Techno park, Shimonopporo, Atsubetsuku, Sapporo Hokkaido JP 004-0015 "
MA-L,2873F6,Amazon Technologies Inc.,P.O Box 8102  Reno NV US 89507 
MA-L,C4EBFF,zte corporation,"12/F.,zte R&D building ,kejinan Road,Shenzhen,P.R.China shenzhen  guangdong CN 518057 "
MA-L,4893DC,UNIWAY INFOCOM PVT LTD,BLOCK C 9 4 WAZIRPUR INDUSTRIAL AREA NEW DELHI DELHI IN 110052 
MA-L,5CE688,VECOS Europe B.V.,ESP 237 Eindhoven Noord-Brabant NL 5633 AD 
MA-L,5C2886,Inventec(Chongqing) Corporation,"No.66 West District 2nd Rd, Shapingba District Chongqing Chongqing CN 401331 "
MA-L,D4BAFA,"GUANGDONG OPPO MOBILE TELECOMMUNICATIONS CORP.,LTD","NO.18 HAIBIN ROAD, DONG GUAN GUANG DONG CN 523860 "
MA-L,4CEC0F,"Cisco Systems, Inc",80 West Tasman Drive San Jose CA US 94568 
MA-L,843E1D,"Hui Zhou Gaoshengda Technology Co.,LTD","No.2,Jin-da Road,Huinan Industrial Park Hui Zhou Guangdong CN 516025 "
MA-L,E0CB1D,Amazon Technologies Inc.,P.O Box 8102  Reno NV US 89507 
MA-L,FC84A7,"Murata Manufacturing Co., Ltd.","1-10-1, Higashikotari Nagaokakyo-shi Kyoto JP 617-8555 "
MA-L,3CCB4D,"Avikus Co., Ltd","11F, 70, Nonhyeon-ro 85-gil Gangnam-gu Seoul KR 06234 "
MA-L,601B52,Vodafone Italia S.p.A.,Via Lorenteggio nr. 240 Milan Italy IT 20147 
MA-L,24A42C,NETIO products a.s.,U Pily 3 Prague  CZ 143 00 
MA-L,702F86,Marquardt GmbH,Schloss-Strasse 16 Rietheim-Weilheim  DE 78604 
MA-L,C08F20,"Shenzhen Skyworth Digital  Technology  CO., Ltd","4F,Block A, Skyworth?Building, Shenzhen Guangdong CN 518057 "
MA-L,08FF24,"Shenzhen Skyworth Digital  Technology  CO., Ltd","4F,Block A, Skyworth?Building, Shenzhen Guangdong CN 518057 "
MA-L,90B67A,"Shenzhen Skyworth Digital  Technology  CO., Ltd","4F,Block A, Skyworth?Building, Shenzhen Guangdong CN 518057 "
MA-L,249AC8,"Shenzhen Skyworth Digital  Technology  CO., Ltd","4F,Block A, Skyworth?Building, Shenzhen Guangdong CN 518057 "
MA-L,A8881F,SERVERCOM (INDIA) PRIVATE LIMITED,E-43/1 OKHLA INDUSTRIAL AREA PHASE-II NEW DELHI SOUTH DELHI NEW DELHI  IN NA 
MA-L,005079,Private,
MA-L,28C01B,"Shenzhen Skyworth Digital  Technology  CO., Ltd","4F,Block A, Skyworth?Building, Shenzhen Guangdong CN 518057 "
MA-L,E028B1,"Shenzhen Skyworth Digital  Technology  CO., Ltd","4F,Block A, Skyworth?Building, Shenzhen Guangdong CN 518057 "
MA-L,303180,"Shenzhen Skyworth Digital  Technology  CO., Ltd","4F,Block A, Skyworth?Building, Shenzhen Guangdong CN 518057 "
MA-L,201582,"Apple, Inc.",1 Infinite Loop Cupertino CA US 95014 
MA-L,40921A,"Apple, Inc.",1 Infinite Loop Cupertino CA US 95014 
MA-L,10E2C9,"Apple, Inc.",1 Infinite Loop Cupertino CA US 95014 
MA-L,0436B8,I&C Technology,"I&C Building, 24, Pangyo-ro 255beon-gil, Bundang-gu Seongnam-si Gyeonggi-do KR 13486 "
MA-L,D0431E,Dell Inc.,One Dell Way Round Rock TX US 78682 
MA-L,F0A0B1,"HUAWEI TECHNOLOGIES CO.,LTD","No.2 Xin Cheng Road, Room R6,Songshan Lake Technology Park Dongguan  CN 523808 "
MA-L,404F42,"HUAWEI TECHNOLOGIES CO.,LTD","No.2 Xin Cheng Road, Room R6,Songshan Lake Technology Park Dongguan  CN 523808 "
MA-L,3086F1,"Fiberhome Telecommunication Technologies Co.,LTD",No.5 DongXin Road Wuhan Hubei CN 430074 
MA-L,00C04F,Dell Inc.,1807 WEST BRAKER LANE-BLDG. AUSTIN TX US 78758-3610 
MA-L,00B0D0,Dell Inc.,One Dell Way Round Rock TX US 78682 
MA-L,0019B9,Dell Inc.,One Dell Way Round Rock TX US 78682 
MA-L,001AA0,Dell Inc.,"One Dell Way,  MS RR5-45 Round Rock  US 78682 "
MA-L,002564,Dell Inc.,"One Dell Way, MS RR5-45 Round Rock  US 78682 "
MA-L,A4BADB,Dell Inc.,"One Dell Way, MS RR5-45 Round Rock  US 78682 "
MA-L,38A851,"Quickset Defense Technologies, LLC",3650 Woodhead Drive Northbrook  IL US 60062 
MA-L,00CB00,Private,
MA-L,1100AA,Private,
MA-L,9C93E4,Private,
MA-L,782BCB,Dell Inc.,One Dell Way Round Rock TX US 78682 
MA-L,14FEB5,Dell Inc.,One Dell Way Round Rock TX US 78682 
MA-L,180373,Dell Inc.,One Dell Way Round Rock TX US 78682 
MA-L,74867A,Dell Inc.,One Dell Way Round Rock TX US 78682 
MA-L,204747,Dell Inc.,One Dell Way Round Rock TX US 78682 
MA-L,000BDB,Dell Inc.,One Dell Way Round Rock TX US 78682 
MA-L,00123F,Dell Inc.,One Dell Way Round Rock TX US 78682 
MA-L,A41F72,Dell Inc.,One Dell way Round Rock   US 78682 
MA-L,001C23,Dell Inc.,"One Dell Way,  MS RR5-45 Round Rock  US 78682 "
MA-L,847BEB,Dell Inc.,One Dell Way Round Rock TX US 78682 
MA-L,989096,Dell Inc.,One Dell Way Round Rock TX US 78682 
MA-L,801844,Dell Inc.,One Dell Way Round Rock TX US 78682 
MA-L,9840BB,Dell Inc.,One Dell Way Round Rock TX US 78682 
MA-L,D481D7,Dell Inc.,One Dell Way Round Rock TX US 78682 
MA-L,F80DA9,Zyxel Communications Corporation,"No. 6 Innovation Road II, Science Park Hsichu Taiwan TW 300 "
MA-L,54BF64,Dell Inc.,One Dell Way Round Rock TX US 78682 
MA-L,CCC5E5,Dell Inc.,One Dell Way Round Rock TX US 78682 
MA-L,4CD98F,Dell Inc.,One Dell Way Round Rock TX US 78682 
MA-L,DCF401,Dell Inc.,One Dell Way Round Rock TX US 78682 
MA-L,6C2B59,Dell Inc.,One Dell Way Round Rock TX US 78682 
MA-L,C8F750,Dell Inc.,One Dell Way Round Rock TX US 78682 
MA-L,98E743,Dell Inc.,One Dell Way Round Rock TX US 78682 
MA-L,185A58,Dell Inc.,One Dell Way Round Rock TX US 78682 
MA-L,D08E79,Dell Inc.,One Dell Way Round Rock TX US 78682 
MA-L,B44506,Dell Inc.,One Dell Way Round Rock  TX US 78682 
MA-L,485A0D,Juniper Networks,1133 Innovation Way Sunnyvale CA US 94089 
MA-L,E0D848,Dell Inc.,One Dell Way Round Rock TX US 78682 
MA-L,04BF1B,Dell Inc.,One Dell Way Round Rock  TX US 78682 
MA-L,581031,"Hon Hai Precision IND.CO.,LTD",No. 66 Chung Shan Road TU-Cheng Industrial district TAIPEI TAIWAN  TAIPEI TAIWAN CN 33859 
MA-L,AC919B,Wistron Neweb Corporation,"No.20,Park Avenue II,Hsinchu Science Park Hsin-Chu R.O.C. TW 308 "
MA-L,E03C1C,IEEE Registration Authority,445 Hoes Lane Piscataway NJ US 08554 
MA-L,000993,Visteon Corporation,16630 Southfield Road Allen Park Michigan US 48101 
MA-L,EC41CA,"Shenzhen TecAnswer Technology co.,ltd","1004 yuemeite Building,No.1 gaoxin South 7th Road,Gaoxin District,Yuehai Street,Nanshan District,Shenzhen Shenzhen Guangdong CN 518063 "
MA-L,148477,"New H3C Technologies Co., Ltd","466 Changhe Road, Binjiang District Hangzhou Zhejiang CN 310052 "
MA-L,14962D,"New H3C Technologies Co., Ltd","466 Changhe Road, Binjiang District Hangzhou Zhejiang CN 310052 "
MA-L,C4A64E,"Quectel Wireless Solutions Co.,Ltd.","7th Floor, Hongye Building, No.1801 Hongmei Road, Xuhui District Shanghai  CN 200233 "
MA-L,7066B9,"Huawei Device Co., Ltd.","No.2 of Xincheng Road, Songshan Lake Zone Dongguan Guangdong CN 523808 "
MA-L,C4A1AE,"Huawei Device Co., Ltd.","No.2 of Xincheng Road, Songshan Lake Zone Dongguan Guangdong CN 523808 "
MA-L,486F33,"KYUNGWOO.SYSTEM, INC.","68, Digital-ro 9-gil, Geumcheon-gu, Seoul, Republic of Korea Seoul  KR 08512 "
MA-L,442063,Continental Automotive Technologies GmbH,Siemensstr. 12 Regensburg  DE 93055 
MA-L,086195,Rockwell Automation,1 Allen-Bradley Dr. Mayfield Heights OH US 44124-6118 
MA-L,24BBC9,"Shenzhen SuperElectron Technology Co.,Ltd.","1213-1214, haosheng business center, dongbin road, nanshan street, nanshan district, shenzhen city Shenzhen Guangdong CN 518000 "
MA-L,0000BC,Rockwell Automation,1 Allen-Bradley Dr. Mayfield Heights OH US 44124-6118 
MA-L,FCD749,Amazon Technologies Inc.,P.O Box 8102  Reno NV US 89507 
MA-L,A87116,Earda Technologies co Ltd,"Block A,Lianfeng Creative Park, #2 Jisheng Rd., Nansha District Guangzhou Guangdong CN 511455 "
MA-L,E8EBDD,"Guangzhou Qingying Acoustics Technology Co., Ltd","Room 905, 863 Industrialization Promotion Center, Guangzhou Private Science Park, Taihe Town, Baiyun District Guangzhou Guangdong CN 510000 "
MA-L,548C81,"Hangzhou Hikvision Digital Technology Co.,Ltd","No.555 Qianmo Road Hangzhou Zhejiang CN 310052 "
MA-L,244845,"Hangzhou Hikvision Digital Technology Co.,Ltd.",No.555 Qianmo Road Hangzhou Zhejiang CN 310052 
MA-L,0050CA,DZS Inc.,680 CENTRAL AVENUE - STE. #301 DOVER NH US 03820 
MA-L,74EE8D,"Apollo Intelligent Connectivity (Beijing) Technology Co., Ltd.",Baidu Technology Park Building No.2 No.10 Xibeiwang East Road Haidian District BeiJing BeiJing CN 100193 
MA-L,D858C6,Katch Asset Tracking Pty Limited ,98 Riley St Darlinghurst  NSW AU 2010 
MA-L,2CC6A0,Lumacron Technology Ltd.,"4 Pitreavie Court, Pitreavie Business Park Dunfermline Fife GB KY11 8UU "
MA-L,ECC89C,"Hangzhou Hikvision Digital Technology Co.,Ltd.",No.555 Qianmo Road Hangzhou Zhejiang CN 310052 
MA-L,8CE748,"Hangzhou Hikvision Digital Technology Co.,Ltd.","No.469,Jianghui Road Hangzhou Zhejiang CN 310052 "
MA-L,2428FD,"Hangzhou Hikvision Digital Technology Co.,Ltd.",No.555 Qianmo Road Hangzhou Zhejiang CN 310052 
MA-L,ACB92F,"Hangzhou Hikvision Digital Technology Co.,Ltd.",No.555 Qianmo Road Hangzhou Zhejiang CN 310052 
MA-L,D4E853,"Hangzhou Hikvision Digital Technology Co.,Ltd.",No.555 Qianmo Road Hangzhou Zhejiang CN 310052 
MA-L,240F9B,"Hangzhou Hikvision Digital Technology Co.,Ltd.",No.555 Qianmo Road Hangzhou Zhejiang CN 310052 
MA-L,C06DED,"Hangzhou Hikvision Digital Technology Co.,Ltd.",No.555 Qianmo Road Hangzhou Zhejiang CN 310052 
MA-L,2432AE,"Hangzhou Hikvision Digital Technology Co.,Ltd.",No.555 Qianmo Road Hangzhou Zhejiang CN 310052 
MA-L,E0BAAD,"Hangzhou Hikvision Digital Technology Co.,Ltd.",No.555 Qianmo Road Hangzhou Zhejiang CN 310052 
MA-L,E0CA3C,"Hangzhou Hikvision Digital Technology Co.,Ltd.",No.555 Qianmo Road Hangzhou Zhejiang CN 310052 
MA-L,DC07F8,"Hangzhou Hikvision Digital Technology Co.,Ltd.",No.555 Qianmo Road Hangzhou Zhejiang CN 310052 
MA-L,64DB8B,"Hangzhou Hikvision Digital Technology Co.,Ltd.",No.555 Qianmo Road Hangzhou Zhejiang CN 310052 
MA-L,94E1AC,"Hangzhou Hikvision Digital Technology Co.,Ltd.",No.555 Qianmo Road Hangzhou Zhejiang CN 310052 
MA-L,5803FB,"Hangzhou Hikvision Digital Technology Co.,Ltd.",No.555 Qianmo Road Hangzhou Zhejiang CN 310052 
MA-L,4447CC,"Hangzhou Hikvision Digital Technology Co.,Ltd.",No.555 Qianmo Road Hangzhou Zhejiang CN 310052 
MA-L,98DF82,"Hangzhou Hikvision Digital Technology Co.,Ltd.",No.555 Qianmo Road Hangzhou Zhejiang CN 310052 
MA-L,C056E3,"Hangzhou Hikvision Digital Technology Co.,Ltd.","No.469,Jianghui Road Hangzhou Zhejiang CN 310052 "
MA-L,BCAD28,"Hangzhou Hikvision Digital Technology Co.,Ltd.","No.469,Jianghui Road Hangzhou Zhejiang CN 310052 "
MA-L,88B6BD,"Flaircomm Microelectronics, Inc.","7F, Guomai Building, Guomai Science and Technology Park,116 Jiangbin East Avenue, Mawei District Fuzhou Fujian CN 350015 "
MA-L,2C9682,MitraStar Technology Corp.,"No. 6, Innovation Road II, Hsinchu  TW 300 "
MA-L,BC49B2,"SHENZHEN ALONG COMMUNICATION TECH CO., LTD","Room1301,ZHENYEInternationalBusinessCenter,QIANHAIRoad,NANSHAN District,SHENZHEN,PRCTEL SHENZHEN  CN 518000 "
MA-L,9497AE,"GUANGDONG OPPO MOBILE TELECOMMUNICATIONS CORP.,LTD","NO.18 HAIBIN ROAD, DONG GUAN GUANG DONG CN 523860 "
MA-L,0CBD75,"GUANGDONG OPPO MOBILE TELECOMMUNICATIONS CORP.,LTD","NO.18 HAIBIN ROAD, DONG GUAN GUANG DONG CN 523860 "
MA-L,AC9073,"HUAWEI TECHNOLOGIES CO.,LTD","No.2 Xin Cheng Road, Room R6,Songshan Lake Technology Park Dongguan  CN 523808 "
MA-L,000351,Diebold Nixdorf,5995 Mayfair Road North Canton OH US 44720 
MA-L,F09FC2,Ubiquiti Inc,"685 Third Avenue, 27th Floor New York NY US New York NY 10017 "
MA-L,802AA8,Ubiquiti Inc,"685 Third Avenue, 27th Floor New York NY US New York NY 10017 "
MA-L,FC1D3A,"HUAWEI TECHNOLOGIES CO.,LTD","No.2 Xin Cheng Road, Room R6,Songshan Lake Technology Park Dongguan  CN 523808 "
MA-L,E4BEFB,"HUAWEI TECHNOLOGIES CO.,LTD","No.2 Xin Cheng Road, Room R6,Songshan Lake Technology Park Dongguan  CN 523808 "
MA-L,58F8D7,"HUAWEI TECHNOLOGIES CO.,LTD","No.2 Xin Cheng Road, Room R6,Songshan Lake Technology Park Dongguan  CN 523808 "
MA-L,788A20,Ubiquiti Inc,"685 Third Avenue, 27th Floor New York NY US New York NY 10017 "
MA-L,7483C2,Ubiquiti Inc,"685 Third Avenue, 27th Floor New York NY US New York NY 10017 "
MA-L,E063DA,Ubiquiti Inc,"685 Third Avenue, 27th Floor New York NY US New York NY 10017 "
MA-L,245A4C,Ubiquiti Inc,"685 Third Avenue, 27th Floor New York NY US New York NY 10017 "
MA-L,602232,Ubiquiti Inc,"685 Third Avenue, 27th Floor New York NY US New York NY 10017 "
MA-L,E43883,Ubiquiti Inc,"685 Third Avenue, 27th Floor New York NY US New York NY 10017 "
MA-L,84B59C,Juniper Networks,1133 Innovation Way Sunnyvale CA US 94089 
MA-L,5C4527,Juniper Networks,1133 Innovation Way Sunnyvale CA US 94089 
MA-L,EC3EF7,Juniper Networks,1133 Innovation Way Sunnyvale CA US 94089 
MA-L,002159,Juniper Networks,1133 Innovation Way Sunnyvale CA US 94089 
MA-L,00239C,Juniper Networks,1133 Innovation Way Sunnyvale CA US 94089 
MA-L,50C58D,Juniper Networks,1133 Innovation Way Sunnyvale CA US 94089 
MA-L,28C0DA,Juniper Networks,1133 Innovation Way Sunnyvale CA US 94089 
MA-L,288A1C,Juniper Networks,1133 Innovation Way Sunnyvale CA US 94089 
MA-L,B8EA98,Xiaomi Communications Co Ltd,"#019, 9th Floor, Building 6, 33 Xi'erqi Middle Road Beijing Haidian District CN 100085 "
MA-L,10C4CA,"HUMAX Co., Ltd.","HUMAX Village, 216, Hwangsaeul-ro, Bu Seongnam-si Gyeonggi-do KR 463-875 "
MA-L,AC800A,Sony Corporation,Sony City Osaki 2-10-1 Shinagawa-ku  Tokyo JP 141-8610 
MA-L,40A677,Juniper Networks,1133 Innovation Way Sunnyvale CA US 94089 
MA-L,D818D3,Juniper Networks,1133 Innovation Way Sunnyvale CA US 94089 
MA-L,F04B3A,Juniper Networks,1133 Innovation Way Sunnyvale CA US 94089 
MA-L,C042D0,Juniper Networks,1133 Innovation Way Sunnyvale CA US 94089 
MA-L,001BC0,Juniper Networks,1133 Innovation Way Sunnyvale CA US 94089 
MA-L,44ECCE,Juniper Networks,1133 Innovation Way Sunnyvale CA US 94089 
MA-L,CCE194,Juniper Networks,1133 Innovation Way Sunnyvale CA US 94089 
MA-L,E45D37,Juniper Networks,1133 Innovation Way Sunnyvale CA US 94089 
MA-L,94F7AD,Juniper Networks,1133 Innovation Way Sunnyvale CA US 94089 
MA-L,784F9B,Juniper Networks,1133 Innovation Way Sunnyvale CA US 94089 
MA-L,88D98F,Juniper Networks,1133 Innovation Way Sunnyvale CA US 94089 
MA-L,78507C,Juniper Networks,1133 Innovation Way Sunnyvale CA US 94089 
MA-L,F07CC7,Juniper Networks,1133 Innovation Way Sunnyvale CA US 94089 
MA-L,000585,Juniper Networks,1133 Innovation Way Sunnyvale CA US 94089 
MA-L,889009,Juniper Networks,1133 Innovation Way Sunnyvale CA US 94089 
MA-L,00CC34,Juniper Networks,1133 Innovation Way Sunnyvale CA US 94089 
MA-L,E030F9,Juniper Networks,1133 Innovation Way Sunnyvale CA US 94089 
MA-L,204E71,Juniper Networks,1133 Innovation Way Sunnyvale CA US 94089 
MA-L,D404FF,Juniper Networks,1133 Innovation Way Sunnyvale CA US 94089 
MA-L,84C1C1,Juniper Networks,1133 Innovation Way Sunnyvale CA US 94089 
MA-L,4C734F,Juniper Networks,1133 Innovation Way Sunnyvale CA US 94089 
MA-L,D45A3F,Juniper Networks,1133 Innovation Way Sunnyvale CA US 94089 
MA-L,04698F,Juniper Networks,1133 Innovation Way Sunnyvale CA US 94089 
MA-L,58C935,"Chiun Mai Communication System, Inc","No.4, Minsheng St., Tucheng District New Taipei City  TW 23678 "
MA-L,7CE2CA,Juniper Networks,1133 Innovation Way Sunnyvale CA US 94089 
MA-L,A4A528,"Sichuan Tianyi Comheart Telecom Co.,LTD","No.198,First Section,Snow Mountain Avenue, Jinyuan Town, Dayi County Chengdu Sichuan CN 611330 "
MA-L,E878EE,"New H3C Technologies Co., Ltd","466 Changhe Road, Binjiang District Hangzhou Zhejiang CN 310052 "
MA-L,ECA7AD,"Barrot Technology Co.,Ltd.","A1009,Block A,Jia Hua Building,No.9 Shangdi 3rd Street,Haidian District,Beijing beijing beijing CN 100000 "
MA-L,00302B,Inalp Solutions AG,Badenerstrasse 13 Brugg  CH 5200 
MA-L,F0748D,"Ruijie Networks Co.,LTD","No. 2, 7th floor, xingwangruijie, haixi hi-tech industrial park, high-tech zone, fuzhou city Fuzhou Fujian CN 350002 "
MA-L,48814E,"E&M SOLUTION CO,.Ltd","#813-ho, 555, Byeolmang-ro Ansan-si Danwon-gu KR 15434 "
MA-L,7C4D8F,HP Inc.,10300 Energy Dr Spring TX US 77389 
MA-L,9CCBF7,"CLOUD STAR TECHNOLOGY CO., LTD.","13F.-1, No. 167, Wenqing Rd  Guishan Dist Taoyuan City Taoyuan TW 333613 "
MA-L,74D558,"GUANGDONG OPPO MOBILE TELECOMMUNICATIONS CORP.,LTD","NO.18 HAIBIN ROAD, DONG GUAN GUANG DONG CN 523860 "
MA-L,F46412,Sony Interactive Entertainment Inc.,1-7-1 Konan Minato-ku Tokyo JP 108-0075 
MA-L,3CF9F0,zte corporation,"12/F.,zte R&D building ,kejinan Road,Shenzhen,P.R.China shenzhen  guangdong CN 518057 "
MA-L,6877DA,zte corporation,"12/F.,zte R&D building ,kejinan Road,Shenzhen,P.R.China shenzhen  guangdong CN 518057 "
MA-L,8858BE,kuosheng.com,"Room 103, Building 15 of Headquarters Center, No. 555, North Panyu Ave Guangzhou Guangdong CN 511493 "
MA-L,44DBD2,"YEALINK(XIAMEN) NETWORK TECHNOLOGY CO.,LTD.","309, 3th Floor, No.16, Yun Ding North Road, Huli District xiamen Fujian CN 361015 "
MA-L,E0DCA0,"Siemens Industrial Automation Products Ltd., Chengdu",Tianyuan Road 99 Cheng Du Si Chuan CN 611731 
MA-L,1C3B62,HMD Global Oy,Bertel Jungin aukio 9 Espoo  FI 02600 
MA-L,5C64F1,"Cisco Systems, Inc",80 West Tasman Drive San Jose CA US 94568 
MA-L,9CDBAF,"HUAWEI TECHNOLOGIES CO.,LTD","No.2 Xin Cheng Road, Room R6,Songshan Lake Technology Park Dongguan  CN 523808 "
MA-L,0C2E57,"HUAWEI TECHNOLOGIES CO.,LTD","No.2 Xin Cheng Road, Room R6,Songshan Lake Technology Park Dongguan  CN 523808 "
MA-L,E8D775,"HUAWEI TECHNOLOGIES CO.,LTD","No.2 Xin Cheng Road, Room R6,Songshan Lake Technology Park Dongguan  CN 523808 "
MA-L,64EC65,"vivo Mobile Communication Co., Ltd.","No.1, vivo Road, Chang'an Dongguan Guangdong CN 523860 "
MA-L,F42462,"Selcom Electronics (Shanghai) Co., Ltd","A7/A24 No.5399, Waiqingsong Road, Qing Pu Shanghai Shanghai CN 201707 "
MA-L,F4A17F,Marquardt Electronics Technology (Shanghai) Co.Ltd,"No. 650 Qingda Road, Heqing Industrial Zone, Shanghai Shanghai  CN 201201 "
MA-L,48BCE1,"Samsung Electronics Co.,Ltd","#94-1, Imsoo-Dong Gumi Gyeongbuk KR 730-350 "
MA-L,B838EF,ADVA Optical Networking Ltd.,ADVAntage House York  GB YO30 4RY 
MA-L,084218,Asyril SA,Z.I. du Vivier 22 Villaz-St-Pierre  Fribourg CH 1690 
MA-L,D85B22,"Shenzhen Hohunet Technology Co., Ltd","8th floor, block a, Huahan technology building, No.16, Langshan Road, North District, Science Park, Nanshan District,Shenzhen Shenzhen Gongdong CN 518000 "
MA-L,D0D003,"Samsung Electronics Co.,Ltd","129, Samsung-ro, Youngtongl-Gu Suwon Gyeonggi-Do KR 16677 "
MA-L,5C76D5,Nokia,600 March Road Kanata Ontario CA K2K 2E6 
MA-L,8C7A00,Nokia,600 March Road Kanata Ontario CA K2K 2E6 
MA-L,A4FC14,"Apple, Inc.",1 Infinite Loop Cupertino CA US 95014 
MA-L,A81AF1,"Apple, Inc.",1 Infinite Loop Cupertino CA US 95014 
MA-L,705846,Trig Avionics Limited,Heriot Watt Research Park Edinburgh  GB EH14 4AP 
MA-L,0891A3,Amazon Technologies Inc.,P.O Box 8102  Reno NV US 89507 
MA-L,0CD923,GOCLOUD Networks(GAOKE Networks),"Room 5-301-A02, No. 3000,  Longdong Road Pudong Shanghai CN 201203 "
MA-L,84398F,"Fortinet, Inc.",899 Kifer Road Sunnyvale  US 94086 
MA-L,B4EDD5,"Quectel Wireless Solutions Co.,Ltd.","7th Floor, Hongye Building, No.1801 Hongmei Road, Xuhui District Shanghai  CN 200233 "
MA-L,2CD1C6,"Murata Manufacturing Co., Ltd.","1-10-1, Higashikotari Nagaokakyo-shi Kyoto JP 617-8555 "
MA-L,B85CEE,"Baidu Online Network Technology (Beijing) Co., Ltd","Baidu Campus, No.10 Shangdi 10th Street, Haidian District  Beijing  CN 100085 "
MA-L,CC08FA,"Apple, Inc.",1 Infinite Loop Cupertino CA US 95014 
MA-L,909B6F,"Apple, Inc.",1 Infinite Loop Cupertino CA US 95014 
MA-L,7473B4,"Apple, Inc.",1 Infinite Loop Cupertino CA US 95014 
MA-L,F83C80,"MITSUMI ELECTRIC CO.,LTD.","2-11-2, Tsurumaki Tama-shi Tokyo JP 206-8567 "
MA-L,D83ADD,Raspberry Pi Trading Ltd,"Maurice Wilkes Building, Cowley Road Cambridge  GB CB4 0DS "
MA-L,70F8AE,Microsoft Corporation,One Microsoft Way REDMOND WA US 98052 
MA-L,000F2A,Cableware Electronics,1702 Western Ave. Las Vegas Nevada US 89102 
MA-L,BC64D9,"GUANGDONG OPPO MOBILE TELECOMMUNICATIONS CORP.,LTD","NO.18 HAIBIN ROAD, DONG GUAN GUANG DONG CN 523860 "
MA-L,301F48,zte corporation,"12/F.,zte R&D building ,kejinan Road,Shenzhen,P.R.China shenzhen  guangdong CN 518057 "
MA-L,7CC74A,"Fiberhome Telecommunication Technologies Co.,LTD",No.5 DongXin Road Wuhan Hubei CN 430074 
MA-L,38FC34,"Huawei Device Co., Ltd.","No.2 of Xincheng Road, Songshan Lake Zone Dongguan Guangdong CN 523808 "
MA-L,3CF692,"Huawei Device Co., Ltd.","No.2 of Xincheng Road, Songshan Lake Zone Dongguan Guangdong CN 523808 "
MA-L,940EE7,"HUAWEI TECHNOLOGIES CO.,LTD","No.2 Xin Cheng Road, Room R6,Songshan Lake Technology Park Dongguan  CN 523808 "
MA-L,A8B271,"HUAWEI TECHNOLOGIES CO.,LTD","No.2 Xin Cheng Road, Room R6,Songshan Lake Technology Park Dongguan  CN 523808 "
MA-L,6405E4,"ALPSALPINE CO,.LTD",nishida 6-1 kakuda-City Miyagi-Pref JP 981-1595 
MA-L,DCAC6F,Everytale Inc,2093 Philadelphia Pike #2211 Claymont DE US 19703 
MA-L,F41532,"PETAiO (NanJing), Inc.","17 / F, block A, Weien building, No. 73 Huachuang Road, Yan Chuang Park, Jiang Bei New Area Nanjing Jiangsu CN 211800 "
MA-L,2CAB33,Texas Instruments,12500 TI Blvd Dallas TX US 75243 
MA-L,28B5E8,Texas Instruments,12500 TI Blvd Dallas TX US 75243 
MA-L,08C3B3,"TCL King Electrical Appliances(Huizhou)Co.,Ltd","B Area, 10th floor, TCL multimedia Building, TCL International E City, #1001 Zhonshanyuan road,Shenzhen guangdong China CN 518058 "
MA-L,204569,ITEL MOBILE LIMITED,"RM B3 & B4 BLOCK B, KO FAI INDUSTRIAL BUILDING  NO.7 KO FAI ROAD, YAU TONG, KLN, H.K Hong Kong KOWLOON HK 999077 "
MA-L,D46352,Vutility Inc.,126 W Sego Lily Ste 150 Sandy UT US 84070 
MA-L,D821DA,SERNET (SUZHOU) TECHNOLOGIES CORPORATION,"NO.8 Tangzhuang Road,Suzhou Industrial Park,Su ZhouCity,JiangSu Province,China Suzhou  CN 215021 "
MA-L,08F1B3,Cisco Meraki,500 Terry A. Francois Blvd San Francisco  US 94158 
MA-L,BCE8FA,"GUANGDONG OPPO MOBILE TELECOMMUNICATIONS CORP.,LTD","NO.18 HAIBIN ROAD, DONG GUAN GUANG DONG CN 523860 "
MA-L,505A65,AzureWave Technology Inc.,"8F., No. 94, Baozhong Rd., Xindian Dist. New Taipei City  TW 23144 "
MA-L,C4A559,IEEE Registration Authority,445 Hoes Lane Piscataway NJ US 08554 
MA-L,6C0C9A,Amazon Technologies Inc.,P.O Box 8102  Reno NV US 89507 
MA-L,CC00F1,Sagemcom Broadband SAS,"250, route de l'Empereur Rueil Malmaison Cedex hauts de seine FR 92848 "
MA-L,308216,"Apple, Inc.",1 Infinite Loop Cupertino CA US 95014 
MA-L,8CD0B2,"Beijing Xiaomi Mobile Software Co., Ltd","The Rainbow City Office Building, 68 Qinghe Middle Street Haidian District Beijing Beijing CN 100085 "
MA-L,C4A052,"Motorola Mobility LLC, a Lenovo Company",222 West Merchandise Mart Plaza Chicago IL US 60654 
MA-L,84900A,Arcadyan Corporation,"No.8, Sec.2, Guangfu Rd. Hsinchu City Hsinchu TW 30071 "
MA-L,8076C2,"GD Midea Air-Conditioning Equipment Co.,Ltd.","Midea Global Innovation Center,Beijiao Town,Shunde Foshan Guangdong CN 528311 "
MA-L,F04A3D,Bosch Thermotechnik GmbH,Sophienstraße 30-32 Wetzlar  DE 35576 
MA-L,941FA2,"Wuhan YuXin Semiconductor Co., Ltd.","15F Haida Innovation Plaza, No. 66 of Chuangye Road, Donghu New Technology Development Zone Wuhan Hubei CN 430074 "
MA-L,B49DFD,"Shenzhen SDMC Technology CO.,Ltd.","Room 1022, Floor 10, Building A, Customs Building, No. 2, Xin'an 3rd Road, Dalang Community, Xin'an Street, Bao'an District Shenzhen GUANGDONG CN 518101 "
MA-L,F41A9C,Xiaomi Communications Co Ltd,"#019, 9th Floor, Building 6, 33 Xi'erqi Middle Road Beijing Haidian District CN 100085 "
MA-L,001AEB,Allied Telesis K.K.,No.2 TOC Bldg. Shinagawa-ku Tokyo JP 141-0031 
MA-L,DC0682,Accessia Technology Ltd.,"Boundary House, Cricket Field Rd Uxbridge  GB UB8 1QG "
MA-L,44D267,Snorble,PO Box 40 Skillman NJ US 08558 
MA-L,B0BC7A,Harman/Becker Automotive Systems GmbH,Becker-Göring-Straße 16 Karlsbad Baden-Württemberg DE 76307 
MA-L,487706,NXP Semiconductor (Tianjin) LTD.,"No.15 Xinghua Avenue, Xiqing Economic Development Area Tianjin  CN 300385 "
MA-L,0CCC47,IEEE Registration Authority,445 Hoes Lane Piscataway NJ US 08554 
MA-L,5C3E06,"Cisco Systems, Inc",80 West Tasman Drive San Jose CA US 94568 
MA-L,C828E5,"Cisco Systems, Inc",80 West Tasman Drive San Jose CA US 94568 
MA-L,B0FC88,Sagemcom Broadband SAS,"250, route de l'Empereur Rueil Malmaison Cedex hauts de seine FR 92848 "
MA-L,34873D,"Quectel Wireless Solutions Co.,Ltd.","RM501,Building 13,No.99 TianZhou Road,Xuhui District,Shanghai,China Shanghai Shanghai CN 200233 "
MA-L,C44137,"Quectel Wireless Solutions Co.,Ltd.","7th Floor, Hongye Building, No.1801 Hongmei Road, Xuhui District Shanghai  CN 200233 "
MA-L,6CD199,"vivo Mobile Communication Co., Ltd.","No.1, vivo Road, Chang'an Dongguan Guangdong CN 523860 "
MA-L,D040BE,NPO RPS LLC,"Internal territory of the urban settlement of Mosrentgen, the settlement of the Mosrentgen factory, building 1/10, office 206 Moscow  RU 108820 "
MA-L,10D680,Tendyron Corporation,"Tendyron Building,Zhongguancun NO.1 Park,Beiqing Road,Haidian District,Beijing,China Beijing  CN 100000 "
MA-L,003E73,"Mist Systems, Inc.","1601 South De Anza Blvd, Suite 248 Cupertino CA US 95014 "
MA-L,0CFC18,"HUAWEI TECHNOLOGIES CO.,LTD","No.2 Xin Cheng Road, Room R6,Songshan Lake Technology Park Dongguan  CN 523808 "
MA-L,F44DAD,Cable Matters Inc.,"153 Northboro Road, Suite 5 Southborough MA US 01772 "
MA-L,80AB4D,Nokia Solutions and Networks GmbH & Co. KG,Werinherstrasse 91 München Bavaria DE D-81541 
MA-L,4CBA7D,"Gemtek Technology Co., Ltd.",No.15-1 Zhonghua Road Hukou Hsinchu TW 30352 
MA-L,500238,"Nokia Shanghai Bell Co., Ltd.","No.388 Ning Qiao Road,Jin Qiao Pudong Shanghai Shanghai   CN 201206 "
MA-L,ACAD4B,zte corporation,"12/F.,zte R&D building ,kejinan Road,Shenzhen,P.R.China shenzhen guangdong CN 518057 "
MA-L,A8169D,"Hui Zhou Gaoshengda Technology Co.,LTD","No.2,Jin-da Road,Huinan Industrial Park Hui Zhou Guangdong CN 516025 "
MA-L,F0221D,IEEE Registration Authority,445 Hoes Lane Piscataway NJ US 08554 
MA-L,9C5440,ChengDu TD Tech,"C3 floor, software park, No. 219, Tianhua Second Road Chengdu Tianfu Avenue, high tech Zone CN 610041 "
MA-L,5026EF,"Murata Manufacturing Co., Ltd.","1-10-1, Higashikotari Nagaokakyo-shi Kyoto JP 617-8555 "
MA-L,444988,Intel Corporate,"Lot 8, Jalan Hi-Tech 2/3   Kulim Kedah MY 09000 "
MA-L,FC9189,"Sichuan Tianyi Comheart Telecom Co.,LTD","No.198,First Section,Snow Mountain Avenue, Jinyuan Town, Dayi County Chengdu Sichuan CN 611330 "
MA-L,1C1A1B,"Shanghai Sunmi Technology Co.,Ltd.","Room 505, No.388 Song Hu Road, Yang Pu District, Shanghai, China Shanghai Shanghai CN 200433 "
MA-L,8038D4,"Fibercentury Network Technology Co.,Ltd.","No. 1515 and No. 1516, floor 15, unit 2, building 2, Section 1, Huayang Huafu Avenue, Tianfu new area Chengdu Sichuan CN 610000 "
MA-L,7C296F,"Apple, Inc.",1 Infinite Loop Cupertino CA US 95014 
MA-L,40EDCF,"Apple, Inc.",1 Infinite Loop Cupertino CA US 95014 
MA-L,74057C,Qorvo International Pte. Ltd.,1 Changi Business Park Avenue 1 #04-01  SG 486058 
MA-L,8C986B,"Apple, Inc.",1 Infinite Loop Cupertino CA US 95014 
MA-L,1C8682,"Apple, Inc.",1 Infinite Loop Cupertino CA US 95014 
MA-L,8054E3,"Apple, Inc.",1 Infinite Loop Cupertino CA US 95014 
MA-L,102E00,Intel Corporate,"Lot 8, Jalan Hi-Tech 2/3   Kulim Kedah MY 09000 "
MA-L,203A43,Intel Corporate,"Lot 8, Jalan Hi-Tech 2/3   Kulim Kedah MY 09000 "
MA-L,3C3B99,ITEL MOBILE LIMITED,"RM B3 & B4 BLOCK B, KO FAI INDUSTRIAL BUILDING  NO.7 KO FAI ROAD, YAU TONG, KLN, H.K Hong Kong KOWLOON HK 999077 "
MA-L,FC3357,"KAGA FEI Co., Ltd.","100-45, Shinyokohama 2-Chome Kohoku-Ku Yokohama-Shi Kanagawa JP 222-8508 "
MA-L,9CDE4D,"ML vision Co.,LTD","#503, 403-dong, Bucheon Techno Park, 655, Pyeongcheon-ro Bucheon-si Gyeonggi-do KR 14502 "
MA-L,F8F0C5,"Suzhou Kuhan Information Technologies Co.,Ltd","4F?A5F, SISPARK Building 17, Industrial Park District, Suzhou Suzhou Jiangsu CN 215028 "
MA-L,F8DE73,"HUAWEI TECHNOLOGIES CO.,LTD","No.2 Xin Cheng Road, Room R6,Songshan Lake Technology Park Dongguan  CN 523808 "
MA-L,EC1A02,"HUAWEI TECHNOLOGIES CO.,LTD","No.2 Xin Cheng Road, Room R6,Songshan Lake Technology Park Dongguan  CN 523808 "
MA-L,902778,Open Infrastructure,Neufeldstrasse 125 Bern  CH 3012 
MA-L,68418F,"Telechips, Inc.","19F~23F,Luther Bldg.42, Olympic-ro 35da-gil, Songpa-gu, Seoul Seoul KR 05510 "
MA-L,BC9EBB,"Nintendo Co.,Ltd","11-1 HOKOTATE-CHO KAMITOBA,MINAMI-KU KYOTO KYOTO JP 601-8501 "
MA-L,D009C8,"Cisco Systems, Inc",80 West Tasman Drive San Jose CA US 94568 
MA-L,D03957,Liteon Technology Corporation,"4F, 90, Chien 1 Road New Taipei City Taiwan TW 23585 "
MA-L,48E729,Espressif Inc.,"Room 204, Building 2, 690 Bibo Rd, Pudong New Area Shanghai Shanghai CN 201203 "
MA-L,E8BAE2,Xplora Technologies AS,Nedre Slottsgate 8 Oslo  NO 0157 
MA-L,5CA06C,"Realme Chongqing Mobile Telecommunications Corp.,Ltd.","No.178 Yulong Avenue, Yufengshan, Yubei District, Chongqing. Chongqing  China CN 401120 "
MA-L,A83B76,CLOUD NETWORK TECHNOLOGY SINGAPORE PTE. LTD.,"B22 Building,NO.51 Tongle Road, Shajing Town, Jiangnan District, Nanning, Guangxi Province, China Nanning Guangxi CN 530007 "
MA-L,40E11C,"shenzhen Cloud High Communication Technology Co.,Ltd","Room 1908, Building 1, Jinlitong Financial Center Building, No. 1100, Xingye Road, Haiwang Community, Xin'an Street, Bao'an District, Shenzhen, China   Shenzhen  CN 518128 "
MA-L,44643C,"Cisco Systems, Inc",80 West Tasman Drive San Jose CA US 94568 
MA-L,24161B,"Cisco Systems, Inc",80 West Tasman Drive San Jose CA US 94568 
MA-L,A8400B,Visteon Corporation,One Village Center Drive Van Buren Twp MI US 48111 
MA-L,20318D,Giax GmbH,Am Weichselgarten 7 Erlangen  DE 91058 
MA-L,3CB07E,"Arounds Intelligent Equipment Co., Ltd.","Room 701~703, Vanke Huamao Plaza?  No.508, East 2nd Section,  2ndRingRoad, Chenghua District Chengdu Sichuan CN 610000 "
MA-L,C04E8A,"HUAWEI TECHNOLOGIES CO.,LTD","No.2 Xin Cheng Road, Room R6,Songshan Lake Technology Park Dongguan  CN 523808 "
MA-L,08569B,WiZ,"Unit 1203-5, 12/F, Tower 1, Enterprise Square, 9 Sheung Yuet Road Kowloon Bay Hong Kong HK 0000 "
MA-L,081AFD,"Huawei Device Co., Ltd.","No.2 of Xincheng Road, Songshan Lake Zone Dongguan Guangdong CN 523808 "
MA-L,C0BFAC,"Huawei Device Co., Ltd.","No.2 of Xincheng Road, Songshan Lake Zone Dongguan Guangdong CN 523808 "
MA-L,44272E,"Huawei Device Co., Ltd.","No.2 of Xincheng Road, Songshan Lake Zone Dongguan Guangdong CN 523808 "
MA-L,106650,Robert Bosch JuP1,Robert Bosch 1150 Juarez Chihuahua MX 32557 
MA-L,A80C03,Florawise,?TÜ Ar? Teknokent No:6 Sar?yer ?stanbul  TR 34467 
MA-L,90DAF9,Siemens Rail Automation SAU,"Ronda de Europa, 5 Tres Cantos  ES 28760  "
MA-L,F8009D,INTRACOM DEFENSE S.A.,21 Km. Markopoulou Ave. Koropi Attica GR 19441 
MA-L,201642,Microsoft Corporation,One Microsoft Way REDMOND WA US 98052 
MA-L,8C946A,"New H3C Technologies Co., Ltd","466 Changhe Road, Binjiang District Hangzhou Zhejiang CN 310052 "
MA-L,FC1165,Cambium Networks Limited,"Unit B2, Linhay Business Park, Ashburton Devon GB TQ13 7UP "
MA-L,CC8DB5,"Shenzhen SuperElectron Technology Co.,Ltd.","1213-1214, haosheng business center, dongbin road, nanshan street, nanshan district, shenzhen city Shenzhen Guangdong CN 518000 "
MA-L,ACEE64,"Shenzhen SuperElectron Technology Co.,Ltd.","1213-1214, haosheng business center, dongbin road, nanshan street, nanshan district, shenzhen city Shenzhen Guangdong CN 518000 "
MA-L,0012F3,u-blox AG,Norra Vallgatan 64 Malmoe  SE SE-211 22 
MA-L,547068,VTech Communications Limited,"23/F, Tai Ping Industrial Centre, Block 1, 57 Ting Kok Road, Tai Po, New Territories Hong kong  HK 00852 "
MA-L,C84052,PAX Computer Technology(Shenzhen) Ltd.,"4/F, No.3 Building, Software Park, Second Central Science-Tech Road, High-Tech Shenzhen GuangDong CN 518057 "
MA-L,68EE4B,"Sharetronic Data Technology Co.,Ltd","Room 1209, 12 / F, Building 1, Yaohua Foundation Building, Shennan Avenue, Futian District Shenzhen Guangdong CN 518040 "
MA-L,48C35A,"LENOVO(BEIJING)CO., LTD.","Lenovo HQ East,Building 1,No.10 Courtyard Xibeiwang East Road,Haidian District Beijing  CN 100176 "
MA-L,C461C7,Microsoft Corporation,One Microsoft Way REDMOND WA US 98052 
MA-L,ACCB36,"Fiberhome Telecommunication Technologies Co.,LTD",No.5 DongXin Road Wuhan Hubei CN 430074 
MA-L,60706C,"Google, Inc.",1600 Amphitheatre Parkway Mountain View CA US 94043 
MA-L,C82ADD,"Google, Inc.",1600 Amphitheatre Parkway Mountain View CA US 94043 
MA-L,240935,"Samsung Electronics Co.,Ltd","#94-1, Imsoo-Dong Gumi Gyeongbuk KR 730-350 "
MA-L,B4DB91,CELESTICA INC.,1900-5140 Yonge Street PO Box 42    Toronto Ontario CA M2N 6L7 
MA-L,C48372,IEEE Registration Authority,445 Hoes Lane Piscataway NJ US 08554 
MA-L,C0A5E8,Intel Corporate,"Lot 8, Jalan Hi-Tech 2/3   Kulim Kedah MY 09000 "
MA-L,906584,Intel Corporate,"Lot 8, Jalan Hi-Tech 2/3   Kulim Kedah MY 09000 "
MA-L,28C5D2,Intel Corporate,"Lot 8, Jalan Hi-Tech 2/3   Kulim Kedah MY 09000 "
MA-L,E48C73,"Realme Chongqing Mobile Telecommunications Corp.,Ltd.","No.178 Yulong Avenue, Yufengshan, Yubei District, Chongqing. Chongqing  China CN 401120 "
MA-L,2CB6C8,"Raisecom Technology CO., LTD","No. 11, East Area, No. 10 Block, East Xibeiwang Road Beijing  CN 100094 "
MA-L,D834D1,"Shenzhen Orange Digital Technology Co.,Ltd","Room 2305,Building 2,Phase 6 ,Vanke Yuncheng,Tongfa South Road,Xili Community,Xili Street,Nanshan District,Shenzhen Shenzhen  CN 518055 "
MA-L,842289,"Samsung Electronics Co.,Ltd","#94-1, Imsoo-Dong Gumi Gyeongbuk KR 730-350 "
MA-L,84AAA4,SONoC Corp.,"8F-3, No. 1071, Zhongzheng Road, Taoyuan District, Taoyuan city, Taiwan Taoyuan  TW 330 "
MA-L,883C93,Alcatel-Lucent Enterprise,26801 West Agoura Rd Calabasas CA US 91301 
MA-L,FCDF00,"GD Midea Air-Conditioning Equipment Co.,Ltd.","Midea Global Innovation Center,Beijiao Town,Shunde Foshan Guangdong CN 528311 "
MA-L,E8BFDB,Inodesign Group,155 Avenue Georges Hannart CROIX  FR 59170 
MA-L,287E80,"Hui Zhou Gaoshengda Technology Co.,LTD","No.2,Jin-da Road,Huinan Industrial Park Hui Zhou Guangdong CN 516025 "
MA-L,0C9F71,"Dolphin Electronics (DongGuan) Co., Ltd.","Building 3,No.2 Baolong Road, Houjie Town, Dongguan Guangdong CN 523000 "
MA-L,1C8B76,Calix Inc.,2777 Orchard Pkwy San Jose CA US 95131 
MA-L,745889,Multilaser Industrial S.A.,"Rua Josefa Gomes de Souza, 382 Extrema Minas Gerais BR 37640-000 "
MA-L,E8FF98,"Huawei Device Co., Ltd.","No.2 of Xincheng Road, Songshan Lake Zone Dongguan Guangdong CN 523808 "
MA-L,241551,"Huawei Device Co., Ltd.","No.2 of Xincheng Road, Songshan Lake Zone Dongguan Guangdong CN 523808 "
MA-L,58957E,"Huawei Device Co., Ltd.","No.2 of Xincheng Road, Songshan Lake Zone Dongguan Guangdong CN 523808 "
MA-L,2C9452,"HUAWEI TECHNOLOGIES CO.,LTD","No.2 Xin Cheng Road, Room R6,Songshan Lake Technology Park Dongguan  CN 523808 "
MA-L,6001B1,"HUAWEI TECHNOLOGIES CO.,LTD","No.2 Xin Cheng Road, Room R6,Songshan Lake Technology Park Dongguan  CN 523808 "
MA-L,B8144D,"Apple, Inc.",1 Infinite Loop Cupertino CA US 95014 
MA-L,EC28D3,"Apple, Inc.",1 Infinite Loop Cupertino CA US 95014 
MA-L,5CBBEE,zte corporation,"12/F.,zte R&D building ,kejinan Road,Shenzhen,P.R.China shenzhen guangdong CN 518057 "
MA-L,086518,"Apple, Inc.",1 Infinite Loop Cupertino CA US 95014 
MA-L,2C57CE,"Apple, Inc.",1 Infinite Loop Cupertino CA US 95014 
MA-L,80398C,"Samsung Electronics Co.,Ltd","#94-1, Imsoo-Dong Gumi Gyeongbuk KR 730-350 "
MA-L,980D6F,"Samsung Electronics Co.,Ltd","#94-1, Imsoo-Dong Gumi Gyeongbuk KR 730-350 "
MA-L,1C90FF,Tuya Smart Inc.,"160 Greentree Drive, Suite 101 Dover DE US 19904 "
MA-L,10823D,"Ruijie Networks Co.,LTD","No. 2, 7th floor, xingwangruijie, haixi hi-tech industrial park, high-tech zone, fuzhou city Fuzhou Fujian CN 350002 "
MA-L,982044,"New H3C Technologies Co., Ltd","466 Changhe Road, Binjiang District Hangzhou Zhejiang CN 310052 "
MA-L,D8A0E8,zte corporation,"12/F.,zte R&D building ,kejinan Road,Shenzhen,P.R.China shenzhen guangdong CN 518057 "
MA-L,80563C,ZF,Ehlersstraße 50 Friedrichshafen BW DE 88046 
MA-L,A044F3,RafaelMicro,"8F.,No.28,Chenggong 12th St. ChuBei City HsinChu County TW 30264 "
MA-L,F42B7D,"Chipsguide technology CO.,LTD.","No.758 in DongHua Design House, Nan Guang Road, Nan Shan Tone, ShenZhen, Guangdong, China Shenzhen Guangdong CN 518002 "
MA-L,8C5219,SHARP Corporation,"1 Takumi-cho, Sakai-ku Sakai City Osaka JP 590-8522 "
MA-L,2C9E00,Sony Interactive Entertainment Inc.,1-7-1 Konan Minato-ku Tokyo JP 108-0075 
MA-L,DC6AE7,Xiaomi Communications Co Ltd,"#019, 9th Floor, Building 6, 33 Xi'erqi Middle Road Beijing Haidian District CN 100085 "
MA-L,7CA449,Xiaomi Communications Co Ltd,"#019, 9th Floor, Building 6, 33 Xi'erqi Middle Road Beijing Haidian District CN 100085 "
MA-L,D0066A,"Cornelis Networks, Inc.","1500 Liberty Ridge Drive, Suite 100 Wayne PA US 19087 "
MA-L,883CC5,IEEE Registration Authority,445 Hoes Lane Piscataway NJ US 08554 
MA-L,C404D8,Aviva Links Inc.,160 E Tasman Dr STE 102 SAN JOSE CA US 95134 
MA-L,AC965B,Lucid Motors,7373 Gateway Blvd Newark CA US 94560 
MA-L,089115,Amazon Technologies Inc.,P.O Box 8102  Reno NV US 89507 
MA-L,74D423,Amazon Technologies Inc.,P.O Box 8102  Reno NV US 89507 
MA-L,E04735,Ericsson AB,Torshamnsgatan 36 Stockholm  SE SE-164 80 
MA-L,909877,Vestel Elektronik San ve Tic. A.S.,Organize san Manisa Turket TR 45030 
MA-L,ECA138,Amazon Technologies Inc.,P.O Box 8102  Reno NV US 89507 
MA-L,E0EF02,"Chengdu Quanjing Intelligent Technology Co.,Ltd","Building A2, Chi Yuen Technology Park, 1001 College Avenue, Nanshan District, Shenzhen,P.R.C. Shenzhen Guangdong CN 518000 "
MA-L,4CA3A7,TECNO MOBILE LIMITED,"ROOMS 05-15, 13A/F., SOUTH TOWER, WORLD FINANCE CENTRE, HARBOUR CITY, 17 CANTON ROAD, TSIM SHA TSUI, KOWLOON, HONG KONG Hong Kong Hong Kong HK 999077 "
MA-L,B067B5,"Apple, Inc.",1 Infinite Loop Cupertino CA US 95014 
MA-L,5C5284,"Apple, Inc.",1 Infinite Loop Cupertino CA US 95014 
MA-L,C0956D,"Apple, Inc.",1 Infinite Loop Cupertino CA US 95014 
MA-L,3C39C8,"Apple, Inc.",1 Infinite Loop Cupertino CA US 95014 
MA-L,A8ABB5,"Apple, Inc.",1 Infinite Loop Cupertino CA US 95014 
MA-L,5864C4,"Apple, Inc.",1 Infinite Loop Cupertino CA US 95014 
MA-L,40A53B,Nokia,600 March Road Kanata Ontario CA K2K 2E6 
MA-L,74803F,Renesas Electronics (Penang) Sdn. Bhd.,"Phase 3, Bayan Lepas FIZ Bayan Lepas Penang MY 11900 "
MA-L,900A62,Inventus Power Eletronica do Brasil LTDA,"Av Buriti, 4285 Distrito Industrial Manaus Amazonas BR 69075000 "
MA-L,505FB5,ASKEY COMPUTER CORP,"10F, NO. 119, JIANKANG RD., ZHONGHE DIST. NEW TAIPEI   TW 235 "
MA-L,88DE7C,ASKEY COMPUTER CORP,"10F, No.119, JIANKANG RD., ZHINGHE DIST, NEW TAIPEI CITY  TW 23585 "
MA-L,045747,GoPro,3000 Clearview Way San Mateo CA US 94402 
MA-L,5C60BA,HP Inc.,10300 Energy Dr Spring TX US 77389 
MA-L,BCF88B,zte corporation,"12/F.,zte R&D building ,kejinan Road,Shenzhen,P.R.China shenzhen  guangdong CN 518057 "
MA-L,68539D,EM Microelectronic,Rue des Sors 3 Marin-Epagnier Neuchatel CH 2074 
MA-L,0443FD,"Sichuan Tianyi Comheart Telecom Co.,LTD","No.198,First Section,Snow Mountain Avenue, Jinyuan Town, Dayi County Chengdu Sichuan CN 611330 "
MA-L,A4897E,"Guangzhou Yuhong Technology Co.,Ltd.","Room 402, No. 11 Software Road, Tianhe District, Guangzhou Guangzhou Guangdong CN 510640 "
MA-L,BCD767,BAE Systems Apllied Intelligence,170 Waterside House Guildford Surrey GB GU2 7RQ 
MA-L,EC1D9E,"Quectel Wireless Solutions Co.,Ltd.","7th Floor, Hongye Building, No.1801 Hongmei Road, Xuhui District Shanghai  CN 200233 "
MA-L,80646F,Espressif Inc.,"Room 204, Building 2, 690 Bibo Rd, Pudong New Area Shanghai Shanghai CN 201203 "
MA-L,3CA7AE,zte corporation,"12/F.,zte R&D building ,kejinan Road,Shenzhen,P.R.China shenzhen guangdong CN 518057 "
MA-L,AC3184,"Huawei Device Co., Ltd.","No.2 of Xincheng Road, Songshan Lake Zone Dongguan Guangdong CN 523808 "
MA-L,503F50,"Huawei Device Co., Ltd.","No.2 of Xincheng Road, Songshan Lake Zone Dongguan Guangdong CN 523808 "
MA-L,2C691D,IEEE Registration Authority,445 Hoes Lane Piscataway NJ US 08554 
MA-L,CC29BD,zte corporation,"12/F.,zte R&D building ,kejinan Road,Shenzhen,P.R.China shenzhen guangdong CN 518057 "
MA-L,385CFB,Silicon Laboratories,400 West Cesar Chavez Street Austin TX US 78701 
MA-L,C43D1A,Intel Corporate,"Lot 8, Jalan Hi-Tech 2/3   Kulim Kedah MY 09000 "
MA-L,04E8B9,Intel Corporate,"Lot 8, Jalan Hi-Tech 2/3   Kulim Kedah MY 09000 "
MA-L,E02E0B,Intel Corporate,"Lot 8, Jalan Hi-Tech 2/3   Kulim Kedah MY 09000 "
MA-L,E8CC8C,Chengdu Jiarui Hualian Communication Technology Co,"5th Floor, Building F, Huirong Plaza (Jinhua), No. 88, Section 3, Jinhua Road, Industrial Park, Jinjiang District, Chengdu, Sichuan Province Chengdu Sichuan CN 610000 "
MA-L,E46564,"SHENZHEN KTC TECHNOLOGY CO.,LTD","Add: NO.4023, Wuhe Road, Bantian, Longgang District, Shenzhen, China SHEN ZHEN GUANG DONG CN 518100 "
MA-L,3CE064,Texas Instruments,12500 TI Blvd Dallas TX US 75243 
MA-L,E0928F,Texas Instruments,12500 TI Blvd Dallas TX US 75243 
MA-L,CC037B,Texas Instruments,12500 TI Blvd Dallas TX US 75243 
MA-L,581CF8,Intel Corporate,"Lot 8, Jalan Hi-Tech 2/3   Kulim Kedah MY 09000 "
MA-L,AC198E,Intel Corporate,"Lot 8, Jalan Hi-Tech 2/3   Kulim Kedah MY 09000 "
MA-L,C85EA9,Intel Corporate,"Lot 8, Jalan Hi-Tech 2/3   Kulim Kedah MY 09000 "
MA-L,C8BF4C,"Beijing Xiaomi Mobile Software Co., Ltd","The Rainbow City Office Building, 68 Qinghe Middle Street Haidian District Beijing Beijing CN 100085 "
MA-L,7CDE78,"New H3C Technologies Co., Ltd","466 Changhe Road, Binjiang District Hangzhou Zhejiang CN 310052 "
MA-L,B8FBAF,"Xiamen IPRT Technology CO.,LTD","3~5Floor,No.101,Huili Industry Park,Meixi Road,Tongan District,Xiamen,China. xiamen fujian CN 361000 "
MA-L,348518,Espressif Inc.,"Room 204, Building 2, 690 Bibo Rd, Pudong New Area Shanghai Shanghai CN 201203 "
MA-L,E051D8,China Dragon Technology Limited,"B4 Bldg.Haoshan 1st Industry Park, Shenzhen Guangdong CN 518104 "
MA-L,549A11,IEEE Registration Authority,445 Hoes Lane Piscataway NJ US 08554 
MA-L,ECE6A2,"Fiberhome Telecommunication Technologies Co.,LTD",No.5 DongXin Road Wuhan Hubei CN 430074 
MA-L,AC84C6,"TP-LINK TECHNOLOGIES CO.,LTD.","Building 24(floors 1,3,4,5)and 28(floors 1-4)Central Science and Technology Park,Shennan Road,Nanshan Shenzhen Guangdong CN 518057 "
MA-L,1C0ED3,"Sichuan Tianyi Comheart Telecom Co.,LTD","No.198,First Section,Snow Mountain Avenue, Jinyuan Town, Dayi County Chengdu Sichuan CN 611330 "
MA-L,380A4F,PRACHI ENTERPRISES,"B-141, 2nd FLOOR SECTOR-6 NOIDA NOIDA UTTARPRADESH IN 201301 "
MA-L,A0CDF3,"Murata Manufacturing Co., Ltd.","1-10-1, Higashikotari Nagaokakyo-shi Kyoto JP 617-8555 "
MA-L,AC5AF0,LG Electronics,"222 LG-ro, JINWI-MYEON Pyeongtaek-si Gyeonggi-do KR 451-713 "
MA-L,ECA62F,"HUAWEI TECHNOLOGIES CO.,LTD","No.2 Xin Cheng Road, Room R6,Songshan Lake Technology Park Dongguan  CN 523808 "
MA-L,0CBEF1,"Huawei Device Co., Ltd.","No.2 of Xincheng Road, Songshan Lake Zone Dongguan Guangdong CN 523808 "
MA-L,AC936A,"Huawei Device Co., Ltd.","No.2 of Xincheng Road, Songshan Lake Zone Dongguan Guangdong CN 523808 "
MA-L,38A44B,"Huawei Device Co., Ltd.","No.2 of Xincheng Road, Songshan Lake Zone Dongguan Guangdong CN 523808 "
MA-L,801970,"Samsung Electronics Co.,Ltd","#94-1, Imsoo-Dong Gumi Gyeongbuk KR 730-350 "
MA-L,5C53C3,"Ubee Interactive Co., Limited","Flat/RM 1202, 12/F, AT Tower, 180 Electric Road North Point  HK 00000 "
MA-L,B48A0A,Espressif Inc.,"Room 204, Building 2, 690 Bibo Rd, Pudong New Area Shanghai Shanghai CN 201203 "
MA-L,C83A1B,Toshiba TEC Corporation Inc,Oval Court Ohsaki Mark East Shinagawa-ku Tokyo JP 141-8664 
MA-L,E0F728,Amazon Technologies Inc.,P.O Box 8102  Reno NV US 89507 
MA-L,242934,"Google, Inc.",1600 Amphitheatre Parkway Mountain View CA US 94043 
MA-L,3822F4,"Huawei Device Co., Ltd.","No.2 of Xincheng Road, Songshan Lake Zone Dongguan Guangdong CN 523808 "
MA-L,8002F4,IEEE Registration Authority,445 Hoes Lane Piscataway NJ US 08554 
MA-L,149BF3,"GUANGDONG OPPO MOBILE TELECOMMUNICATIONS CORP.,LTD","NO.18 HAIBIN ROAD, DONG GUAN GUANG DONG CN 523860 "
MA-L,10071D,"Fiberhome Telecommunication Technologies Co.,LTD",No.5 DongXin Road Wuhan Hubei CN 430074 
MA-L,C8C13C,"RuggedTek Hangzhou Co., Ltd",Zhejiang University National Science Park Hangzhou Zhejiang CN 310013 
MA-L,B850D8,"Beijing Xiaomi Mobile Software Co., Ltd","The Rainbow City Office Building, 68 Qinghe Middle Street Haidian District Beijing Beijing CN 100085 "
MA-L,F4B3B1,Silicon Laboratories,400 West Cesar Chavez Street Austin TX US 78701 
MA-L,C09F51,SERNET (SUZHOU) TECHNOLOGIES CORPORATION,"NO.8 Tangzhuang Road,Suzhou Industrial Park,Su ZhouCity,JiangSu Province,China Suzhou  CN 215021 "
MA-L,10B232,"Qingdao Intelligent&Precise Electronics Co.,Ltd.",No.218 Qianwangang Road Qingdao Shangdong CN 266510 
MA-L,581DD8,Sagemcom Broadband SAS,"250, route de l'Empereur Rueil Malmaison Cedex hauts de seine FR 92848 "
MA-L,30D587,"Samsung Electronics Co.,Ltd","#416, Maetan 3-dong Suwon-si Gyeonggi-do KR 443-742 "
MA-L,14F592,"Shenzhen SDG DONZHI Technology Co., Ltd","1001 SDG Information Technology Building, No.2 Qiongyu Road, Science park Community, Yuehai Street, Nanshan District, Shenzhen GuangDong CN 518000 "
MA-L,4C09FA,FRONTIER SMART TECHNOLOGIES LTD,17 Waterloo Place London  GB SW1Y 4AR 
MA-L,242CFE,"Zhejiang Tmall Technology Co., Ltd.","No.969 Wenyi West Road, Wuchang Street, Yuhang District Hangzhou Zhejiang CN 310024 "
MA-L,A042D1,"Huawei Device Co., Ltd.","No.2 of Xincheng Road, Songshan Lake Zone Dongguan Guangdong CN 523808 "
MA-L,58879F,"Huawei Device Co., Ltd.","No.2 of Xincheng Road, Songshan Lake Zone Dongguan Guangdong CN 523808 "
MA-L,9C1FCA,"Hangzhou AlmightyDigit Technology Co., Ltd","Room A0041, 10 / F, building 1, Haizhi center, Cangqian street, Yuhang District Hangzhou Zhejiang  CN 310000 "
MA-L,2CDC78,Descartes Systems (USA) LLC,2030 Powers Ferry Road SE Atlanta GA US 303339 
MA-L,68A7B4,"Honor Device Co., Ltd.","Suite 3401, Unit A, Building 6, Shum Yip Sky Park, No. 8089, Hongli West Road, Xiangmihu Street, Futian District  Shenzhen  Guangdong CN 518040 "
MA-L,803C20,"HUAWEI TECHNOLOGIES CO.,LTD","No.2 Xin Cheng Road, Room R6,Songshan Lake Technology Park Dongguan  CN 523808 "
MA-L,A4DD58,"HUAWEI TECHNOLOGIES CO.,LTD","No.2 Xin Cheng Road, Room R6,Songshan Lake Technology Park Dongguan  CN 523808 "
MA-L,E8D87E,Amazon Technologies Inc.,P.O Box 8102  Reno NV US 89507 
MA-L,78034F,Nokia,600 March Road Kanata Ontario CA K2K 2E6 
MA-L,0015A6,Digital Electronics Products Ltd.,"Room 301, 3 rd Floor, Tsun Yip Centre Kwun Tong  HK 852 "
MA-L,A8A237,Arcadyan Corporation,"No.8, Sec.2, Guangfu Rd. Hsinchu City Hsinchu TW 30071 "
MA-L,F8AB82,Xiaomi Communications Co Ltd,"#019, 9th Floor, Building 6, 33 Xi'erqi Middle Road Beijing Haidian District CN 100085 "
MA-L,EC30B3,Xiaomi Communications Co Ltd,"#019, 9th Floor, Building 6, 33 Xi'erqi Middle Road Beijing Haidian District CN 100085 "
MA-L,08E63B,zte corporation,"12/F.,zte R&D building ,kejinan Road,Shenzhen,P.R.China shenzhen guangdong CN 518057 "
MA-L,88C174,zte corporation,"12/F.,zte R&D building ,kejinan Road,Shenzhen,P.R.China shenzhen guangdong CN 518057 "
MA-L,C89E61,Lyngsoe Systems LTd,"101 Simona Dr., Unit 2 Bolton Ontario CA L7E 4E8 "
MA-L,902CFB,"CanTops Co,.Ltd.","A-1002 Digital Empire, 16, Deogyong-daero 1556beon-gil Yeongtong-gu Suwon-si, Gyonggi-do KR 1660 "
MA-L,1CAF4A,"Samsung Electronics Co.,Ltd","129, Samsung-ro, Youngtongl-Gu Suwon Gyeonggi-Do KR 16677 "
MA-L,C8120B,"Samsung Electronics Co.,Ltd","129, Samsung-ro, Youngtongl-Gu Suwon Gyeonggi-Do KR 16677 "
MA-L,6C1524,IEEE Registration Authority,445 Hoes Lane Piscataway NJ US 08554 
MA-L,C08D51,Amazon Technologies Inc.,P.O Box 8102  Reno NV US 89507 
MA-L,44B4B2,Amazon Technologies Inc.,P.O Box 8102  Reno NV US 89507 
MA-L,ACCCFC,Amazon Technologies Inc.,P.O Box 8102  Reno NV US 89507 
MA-L,E8DC6C,"Cisco Systems, Inc",80 West Tasman Drive San Jose CA US 94568 
MA-L,B03F64,"Apple, Inc.",1 Infinite Loop Cupertino CA US 95014 
MA-L,2C8217,"Apple, Inc.",1 Infinite Loop Cupertino CA US 95014 
MA-L,142D4D,"Apple, Inc.",1 Infinite Loop Cupertino CA US 95014 
MA-L,EC42CC,"Apple, Inc.",1 Infinite Loop Cupertino CA US 95014 
MA-L,B8211C,"Apple, Inc.",1 Infinite Loop Cupertino CA US 95014 
MA-L,28BE43,"vivo Mobile Communication Co., Ltd.","No.1, vivo Road, Chang'an Dongguan Guangdong CN 523860 "
MA-L,2CFC8B,"GUANGDONG OPPO MOBILE TELECOMMUNICATIONS CORP.,LTD","NO.18 HAIBIN ROAD, DONG GUAN GUANG DONG CN 523860 "
MA-L,002604,WorldCast Systems,20 Avenue Neil Armstrong  Mérignac  FR 33700 
MA-L,F8AD24,"Realme Chongqing Mobile Telecommunications Corp.,Ltd.","No.178 Yulong Avenue, Yufengshan, Yubei District, Chongqing. Chongqing  China CN 401120 "
MA-L,A8C98A,"New H3C Technologies Co., Ltd","466 Changhe Road, Binjiang District Hangzhou Zhejiang CN 310052 "
MA-L,E0276C,Guangzhou Shiyuan Electronic Technology Company Limited,"No.6, 4th Yunpu Road, Yunpu industry District Guangzhou Guangdong CN 510530 "
MA-L,DC8E95,Silicon Laboratories,400 West Cesar Chavez Street Austin TX US 78701 
MA-L,AC8FA9,Nokia Solutions and Networks GmbH & Co. KG,Werinherstrasse 91 München Bavaria DE D-81541 
MA-L,000AD0,"Niigata Develoment Center,  F.I.T. Co., Ltd.",Akane-Niigata Building 2F Niigata Niigata Prefecture JP 950-0944 
MA-L,7CEF40,Nextorage Corporation,"Kawasaki-eki-mae Tower Riverk 9F, 12-1, Ekimaehoncho, Kawasaki-ku Kawasaki City Kanagawa JP 210-0007 "
MA-L,C0E01C,"IoT Security Group, SL","Calle Pez Dorado, 27, local 2 Torremolinos Malaga ES 29620 "
MA-L,AC51AB,"HUAWEI TECHNOLOGIES CO.,LTD","No.2 Xin Cheng Road, Room R6,Songshan Lake Technology Park Dongguan  CN 523808 "
MA-L,48CDD3,"HUAWEI TECHNOLOGIES CO.,LTD","No.2 Xin Cheng Road, Room R6,Songshan Lake Technology Park Dongguan  CN 523808 "
MA-L,CC6618,Adtran Inc,901 Explorer Blvd. Huntsville AL US 35806-2807 
MA-L,44291E,AltoBeam (China) Inc.,"B808, Tsinghua Tongfang Hi-Tech Plaza, Haidian Beijing Beijing CN 100083 "
MA-L,24EBED,"HUAWEI TECHNOLOGIES CO.,LTD","No.2 Xin Cheng Road, Room R6,Songshan Lake Technology Park Dongguan  CN 523808 "
MA-L,2874F5,Nokia Solutions and Networks GmbH & Co. KG,Werinherstrasse 91 München Bavaria DE D-81541 
MA-L,A04466,Intellics,"697, Pangyo-ro, Bundang-gu Seongnam-si Gyeonggi-do KR 13511 "
MA-L,446D7F,Amazon Technologies Inc.,P.O Box 8102  Reno  US 89507 
MA-L,2406F2,"Sichuan Tianyi Comheart Telecom Co.,LTD","No.198,First Section,Snow Mountain Avenue, Jinyuan Town, Dayi County Chengdu Sichuan CN 611330 "
MA-L,6818D9,Hill AFB - CAPRE Group,7278 4th Street Hill AFB UT US 84056 
MA-L,18BC57,ADVA Optical Networking Ltd.,ADVAntage House York  GB YO30 4RY 
MA-L,D8E2DF,Microsoft Corporation,One Microsoft Way REDMOND WA US 98052 
MA-L,388F30,"Samsung Electronics Co.,Ltd","#94-1, Imsoo-Dong Gumi Gyeongbuk KR 730-350 "
MA-L,6C0F61,Hypervolt Ltd,25 Churchill Place London  GB E14 5EY 
MA-L,C0C170,"Shenzhen SuperElectron Technology Co.,Ltd","1213-1214, haosheng business center, dongbin road, nanshan street, nanshan district, shenzhen city Shenzhen Guangdong CN 518000 "
MA-L,504289,zte corporation,"12/F.,zte R&D building ,kejinan Road,Shenzhen,P.R.China shenzhen guangdong CN 518057 "
MA-L,84C692,Texas Instruments,12500 TI Blvd Dallas TX US 75243 
MA-L,6CB2FD,Texas Instruments,12500 TI Blvd Dallas TX US 75243 
MA-L,302BDC,"Top-Unum Electronics Co., LTD","No. 58, Ln. 137, Jianshan Rd., Yingge Dist.,  New Taipei City 239, Taiwan CN 239 "
MA-L,90F7B2,"New H3C Technologies Co., Ltd","466 Changhe Road, Binjiang District Hangzhou Zhejiang CN 310052 "
MA-L,1C47F6,"Zhidao Network Technology(Shenzhen) Co.,Ltd","B3, 11 / F, Exiang Technology Building, No. 31, Zhongsi Road, Gaoxin, Maling Community, Yuehai Street, Nanshan District Shenzhen  CN 518000 "
MA-L,000CD6,PARTNER TECH,"10F, NO.233-2,PAO CHIAO ROAD, SHIN TIEN TAIPEI  TW 231 "
MA-L,6C9308,IEEE Registration Authority,445 Hoes Lane Piscataway NJ US 08554 
MA-L,E881AB,"Beijing Sankuai Online Technology Co.,Ltd","BC Building, China Electronic Science Taiji Information Technology Industry Base, Yard 7, Rongda Road, Chaoyang District Beijing  CN 100102 "
MA-L,D4BD4F,Ruckus Wireless,350 West Java Drive Sunnyvale CA US 94089 
MA-L,5CC9C0,Renesas Electronics (Penang) Sdn. Bhd.,"Phase 3, Bayan Lepas FIZ Bayan Lepas Penang MY 11900 "
MA-L,8C1553,Beijing Memblaze Technology Co Ltd,"Building B2,Dongsheng Park, 66 Xixiaokou Road, Haidian Beijing Beijing CN 100192 "
MA-L,6CB158,"TP-LINK TECHNOLOGIES CO.,LTD.","Building 24(floors 1,3,4,5)and 28(floors 1-4)Central Science and Technology Park,Shennan Road,Nanshan Shenzhen Guangdong CN 518057 "
MA-L,B0A4F0,"HUAWEI TECHNOLOGIES CO.,LTD","No.2 Xin Cheng Road, Room R6,Songshan Lake Technology Park Dongguan  CN 523808 "
MA-L,04E31A,Sagemcom Broadband SAS,"250, route de l'Empereur Rueil Malmaison Cedex hauts de seine FR 92848 "
MA-L,B4695F,TCT mobile ltd,"No.86 hechang 7th road, zhongkai, Hi-Tech District Hui Zhou Guang Dong CN 516006 "
MA-L,24753A,"GUANGDONG OPPO MOBILE TELECOMMUNICATIONS CORP.,LTD","NO.18 HAIBIN ROAD, DONG GUAN GUANG DONG CN 523860 "
MA-L,C85895,"Motorola Mobility LLC, a Lenovo Company",222 West Merchandise Mart Plaza Chicago IL US 60654 
MA-L,6C999D,Amazon Technologies Inc.,P.O Box 8102  Reno NV US 89507 
MA-L,C0060C,"HUAWEI TECHNOLOGIES CO.,LTD","No.2 Xin Cheng Road, Room R6,Songshan Lake Technology Park Dongguan  CN 523808 "
MA-L,2C3341,China Mobile IOT Company Limited,"NO.8 Yu Ma Road, NanAn Area Chongqing Chongqing CN 401336 "
MA-L,AC567B,Sunnovo International Limited,1717 Haitai Building Beijing Beijing CN 100083 
MA-L,34D737,IBG Industriebeteiligungsgesellschaft mbH &b Co. KG,Pferdmengestr. 1 Cologne NRW DE 50968 
MA-L,A8537D,"Mist Systems, Inc.","1601 South De Anza Blvd, Suite 248 Cupertino CA US 95014 "
MA-L,E4DADF,Taicang T&W Electronics,89# Jiang Nan RD Suzhou Jiangsu CN 215412 
MA-L,7C35F8,"Zhejiang Tmall Technology Co., Ltd.","No.969 Wenyi West Road, Wuchang Street, Yuhang District Hangzhou Zhejiang CN 310024 "
MA-L,B05C16,"Fiberhome Telecommunication Technologies Co.,LTD",No.5 DongXin Road Wuhan Hubei CN 430074 
MA-L,08E021,"Honor Device Co., Ltd.","Suite 3401, Unit A, Building 6, Shum Yip Sky Park, No. 8089, Hongli West Road, Xiangmihu Street, Futian District  Shenzhen  Guangdong CN 518040 "
MA-L,9CC12D,"GD Midea Air-Conditioning Equipment Co.,Ltd.","Midea Global Innovation Center,Beijiao Town,Shunde Foshan Guangdong CN 528311 "
MA-L,7426FF,zte corporation,"12/F.,zte R&D building ,kejinan Road,Shenzhen,P.R.China shenzhen guangdong CN 518057 "
MA-L,C42728,zte corporation,"12/F.,zte R&D building ,kejinan Road,Shenzhen,P.R.China shenzhen guangdong CN 518057 "
MA-L,8CC7C3,NETLINK ICT ,"Jupitor Jn,Near Time kids Koothattukulam - Piravom Rd Ernakulam KL IN 686662 "
MA-L,E8D322,"Cisco Systems, Inc",80 West Tasman Drive San Jose CA US 94568 
MA-L,A0B4BF,InfiNet LLC,"Office 425, 69/75 Vavilova str. Moscow\  RU 117335 "
MA-L,7CC95E,"Dongguan Liesheng Electronic Co., Ltd.","F5, Building B, North Block, Gaosheng Tech Park, No. 84 Zhongli Road, Nancheng District, Dongguan Ci dongguan  guangdong CN 523000 "
MA-L,D0EDFF,ZF CVCS,Am Lindener Hafen 21 Hannover  DE 30453 
MA-L,988FE0,IEEE Registration Authority,445 Hoes Lane Piscataway NJ US 08554 
MA-L,F8A91F,"ZVISION Technologies Co., Ltd","108, No.1, Block A,  Zhongguancun Software Park, Haidian District Beijing Beijing CN 100085 "
MA-L,C07982,"TCL King Electrical Appliances(Huizhou)Co.,Ltd","B Area, 10th floor, TCL multimedia Building, TCL International E City, #1001 Zhonshanyuan road,Shenzhen guangdong China CN 518058 "
MA-L,080076,PC LAN TECHNOLOGIES,5780 LINCOLN DRIVE SUITE 106 MINNEAPOLIS MN US 55436 
MA-L,7CCCFC,"Quectel Wireless Solutions Co.,Ltd.","7th Floor, Hongye Building, No.1801 Hongmei Road, Xuhui District Shanghai  CN 200233 "
MA-L,DC8084,"Apple, Inc.",1 Infinite Loop Cupertino CA US 95014 
MA-L,4CBAD7,LG Innotek,"26, Hanamsandan 5beon-ro Gwangju Gwangsan-gu KR 506-731 "
MA-L,34B883,"Cisco Systems, Inc",80 West Tasman Drive San Jose CA US 94568 
MA-L,80657C,"Apple, Inc.",1 Infinite Loop Cupertino CA US 95014 
MA-L,2CFDB4,"Shenzhen Jingxun Software Telecommunication Technology Co.,Ltd","3/F,A5 Building Zhiyuan Community No.1001,Xueyuan Road Nanshan District Shenzhen Guangdong CN 518055 "
MA-L,38C804,"Hui Zhou Gaoshengda Technology Co.,LTD","No.75,Zhongkai High-Tech Development District,Huizhou Hui Zhou Guangdong CN 516006 "
MA-L,E007C2,"FUJIAN STAR-NET COMMUNICATION CO.,LTD","19-22# Building, Star-net Science Plaza, Juyuanzhou, FUZHOU FUJIAN CN 350002 "
MA-L,18D793,IEEE Registration Authority,445 Hoes Lane Piscataway NJ US 08554 
MA-L,102C8D,"GD Midea Air-Conditioning Equipment Co.,Ltd.","Midea Global Innovation Center,Beijiao Town,Shunde Foshan Guangdong CN 528311 "
MA-L,D8B673,Texas Instruments,12500 TI Blvd Dallas TX US 75243 
MA-L,B4F267,"Compal Broadband Networks, Inc.","13F., No.1, Taiyuan 1st St. Zhubei City Hsinchu County TW 30265 "
MA-L,B0DD74,Heimgard Technologies AS,Dronning Mauds gate 15 Oslo  Norway NO 0250  
MA-L,C0FBC1,ITEL MOBILE LIMITED,"RM B3 & B4 BLOCK B, KO FAI INDUSTRIAL BUILDING  NO.7 KO FAI ROAD, YAU TONG, KLN, H.K Hong Kong KOWLOON HK 999077 "
MA-L,9850A3,SIGNALTEK JSC,"2 Ivovaya street, floor 4, office 1,  Room 45 Moscow   2 Ivovaya street, floor 4, office 1,  Room 45  RU 129329 "
MA-L,B48C9D,AzureWave Technology Inc.,"8F., No. 94, Baozhong Rd. New Taipei City Taiwan TW 231 "
MA-L,50B3B4,"Shenzhen Furuilian Electronic Co.,Ltd.","3/F, No.5 Building Workshop, No.123, Shuitian Industrial Zone,Baoshi East Road, Shuitian Community, Shiyan Street, Bao'an District, Shenzhen  CN 518000 "
MA-L,94E686,Espressif Inc.,"Room 204, Building 2, 690 Bibo Rd, Pudong New Area Shanghai Shanghai CN 201203 "
MA-L,F828C9,"HUAWEI TECHNOLOGIES CO.,LTD","No.2 Xin Cheng Road, Room R6,Songshan Lake Technology Park Dongguan  CN 523808 "
MA-L,FC1193,"HUAWEI TECHNOLOGIES CO.,LTD","No.2 Xin Cheng Road, Room R6,Songshan Lake Technology Park Dongguan  CN 523808 "
MA-L,DC3643,IEEE Registration Authority,445 Hoes Lane Piscataway NJ US 08554 
MA-L,50874D,"GUANGDONG OPPO MOBILE TELECOMMUNICATIONS CORP.,LTD","NO.18 HAIBIN ROAD, DONG GUAN GUANG DONG CN 523860 "
MA-L,A41752,Hifocus Electronics India Private Limited,"No. 3 Sunguvar Street, Chintadripet Chennai Tamil Nadu IN 600002 "
MA-L,00620B,Broadcom Limited,15191 Alton Parkway Irvine CA US 92618 
MA-L,40FE95,"New H3C Technologies Co., Ltd","466 Changhe Road, Binjiang District Hangzhou Zhejiang CN 310052 "
MA-L,A05394,"Shenzhen zediel co., Ltd.",Xixiang Shenzhen guangdong CN 518000 
MA-L,04EEE8,IEEE Registration Authority,445 Hoes Lane Piscataway NJ US 08554 
MA-L,9CB8B4,"AMPAK Technology,Inc.","3F, No.15-1 Zhonghua Road, Hsinchu Industrail Park, Hukou, Hsinchu Hsinchu,Taiwan R.O.C. TW 30352 "
MA-L,84B4DB,Silicon Laboratories,400 West Cesar Chavez Street Austin TX US 78701 
MA-L,1C70C9,"Jiangsu Aisida Electronic Co., Ltd","Aisida Industrial Park,Lanling Road,Danyang Development Zone DanYang JiangSu CN 212300 "
MA-L,3CF7D1,OMRON Corporation,"Shiokoji Horikawa, Shimogyo-ku Kyoto  JP 600-8530 "
MA-L,DCCCE6,"Samsung Electronics Co.,Ltd","#94-1, Imsoo-Dong Gumi Gyeongbuk KR 730-350 "
MA-L,F065AE,"Samsung Electronics Co.,Ltd","#94-1, Imsoo-Dong Gumi Gyeongbuk KR 730-350 "
MA-L,5089D1,"Huawei Device Co., Ltd.","No.2 of Xincheng Road, Songshan Lake Zone Dongguan Guangdong CN 523808 "
MA-L,BCD074,"Apple, Inc.",1 Infinite Loop Cupertino CA US 95014 
MA-L,0C1EF7,Omni-ID,"Omni-ID, The Enterprise Center, Coxbridge Business Park, Alton Road Farnham Surrey GB GU105EH "
MA-L,E85177,"Qingdao Intelligent&Precise Electronics Co.,Ltd.",No.218 Qianwangang Road Qingdao Shangdong CN 266510 
MA-L,388A21,"UAB ""Teltonika Telematics""",Saltoniskiu  str. 9B-1 Vilnius  LT LT-08105 
MA-L,A45FB9,"DreamBig Semiconductor, Inc.","2860 Zanker Road, Suite 210 San Jose CA US 95134 "
MA-L,345D9E,Sagemcom Broadband SAS,"250, route de l'Empereur Rueil Malmaison Cedex hauts de seine FR 92848 "
MA-L,000F32,Lootom Telcovideo Network (Wuxi) Co Ltd,"5F, 9Building, WuXi JiangSu CN 214072 "
MA-L,18C23C,"Lumi United Technology Co., Ltd","8th Floor, JinQi Wisdom Valley, No.1 TangLing Road, LinXian Ave, Taoyuan Residential District,Nanshan District ShenZhen GuangDong CN 518055 "
MA-L,0475F9,Taicang T&W Electronics,89# Jiang Nan RD Suzhou Jiangsu CN 215412 
MA-L,E06D18,PIONEERCORPORATION,"25-1,yamada kawagoe-shi saitama JP 3508555 "
MA-L,8CF8C5,Intel Corporate,"Lot 8, Jalan Hi-Tech 2/3   Kulim Kedah MY 09000 "
MA-L,A05950,Intel Corporate,"Lot 8, Jalan Hi-Tech 2/3   Kulim Kedah MY 09000 "
MA-L,D4354A,ALAXALA Networks Corporation,"Shinkawasaki Mitsui Bldg. West Tower.13F, 1-1-2 Kashimada, Saiwai-ku Kawasaki-shi Kanagawa-ken JP 212-0058 "
MA-L,40E99B,SAMSUNG ELECTRO-MECHANICS(THAILAND),"93Moo5T. Bangsamak SEMTHAI, WELLGROW INDUSTRIAL ESTATE Bangpakong Chachoengsao TH 24180 "
MA-L,90FFD6,"Honor Device Co., Ltd.","A1701, Block AB, Building 1, Tianan Yungu Phase I, Gangtou Community, Bantian Street Shenzhen Guangdong CN 518129 "
MA-L,CCA3BD,ITEL MOBILE LIMITED,"RM B3 & B4 BLOCK B, KO FAI INDUSTRIAL BUILDING  NO.7 KO FAI ROAD, YAU TONG, KLN, H.K Hong Kong KOWLOON HK 999077 "
MA-L,BCAF87,"smartAC.com, Inc.","5302 Egbert St, SmartACcom Houston TX US 77007 "
MA-L,C02B31,"Phytium Technology Co.,Ltd.","Building5,XinAn Business Square,Haiyuan Middle Road Binhai New District, Tianjin  CN 300450 "
MA-L,58CF79,Espressif Inc.,"Room 204, Building 2, 690 Bibo Rd, Pudong New Area Shanghai Shanghai CN 201203 "
MA-L,786299,BITSTREAM sp. z o.o.,"Melgiewska, 7/9 Lublin  PL 20-209 "
MA-L,CC5B31,"Nintendo Co.,Ltd","11-1 HOKOTATE-CHO KAMITOBA,MINAMI-KU KYOTO KYOTO JP 601-8501 "
MA-L,C0280B,"Honor Device Co., Ltd.","A1701, Block AB, Building 1, Tianan Yungu Phase I, Gangtou Community, Bantian Street Shenzhen Guangdong CN 518129 "
MA-L,9CEA97,"Honor Device Co., Ltd.","A1701, Block AB, Building 1, Tianan Yungu Phase I, Gangtou Community, Bantian Street Shenzhen Guangdong CN 518129 "
MA-L,C89BAD,"Honor Device Co., Ltd.","Suite 3401, Unit A, Building 6, Shum Yip Sky Park, No. 8089, Hongli West Road, Xiangmihu Street, Futian District,Shenzhen, Guangdong 518040, People's Republic of China Shenzhen  CN 518040 "
MA-L,B4D286,"Telechips, Inc.","19F~23F,Luther Bldg.42, Olympic-ro 35da-gil, Songpa-gu, Seoul Seoul KR 05510 "
MA-L,08F80D,IEEE Registration Authority,445 Hoes Lane Piscataway NJ US 08554 
MA-L,BC455B,"Samsung Electronics Co.,Ltd","129, Samsung-ro, Youngtongl-Gu Suwon Gyeonggi-Do KR 16677 "
MA-L,D42C46,BUFFALO.INC,"AKAMONDORI Bld.,30-20,Ohsu 3-chome,Naka-ku Nagoya Aichi Pref. JP 460-8315 "
MA-L,1091A8,Espressif Inc.,"Room 204, Building 2, 690 Bibo Rd, Pudong New Area Shanghai Shanghai CN 201203 "
MA-L,78047A,Edge Networks LLC,14 Whistler Hill Lane  HUNTINGTON NY US 11743 
MA-L,B03CDC,Intel Corporate,"Lot 8, Jalan Hi-Tech 2/3   Kulim Kedah MY 09000 "
MA-L,208097,Shenzhen OXO Technology limited,"Room 1712-2, Building 4, Tian 'an Yungu Industrial Park, Gangtou Community, Bantian Street, Longgang District Shenzhen Guangdong CN 518000 "
MA-L,7C1689,Sagemcom Broadband SAS,"250, route de l'Empereur Rueil Malmaison Cedex hauts de seine FR 92848 "
MA-L,5C83CD,New platforms,"Warshavskoe shosse, 35 bld 1 Moscow  RU 117105 "
MA-L,10E8A7,Wistron Neweb Corporation,"No.20,Park Avenue II,Hsinchu Science Park Hsin-Chu R.O.C. TW 308 "
MA-L,8415D3,"HUAWEI TECHNOLOGIES CO.,LTD","No.2 Xin Cheng Road, Room R6,Songshan Lake Technology Park Dongguan  CN 523808 "
MA-L,D49400,"HUAWEI TECHNOLOGIES CO.,LTD","No.2 Xin Cheng Road, Room R6,Songshan Lake Technology Park Dongguan  CN 523808 "
MA-L,384B24,SIEMENS AG,Oestliche Rheinbrückenstraße 50 Karlsruhe Baden-Württemberg DE 76181 
MA-L,F0AE66,"Cosonic Intelligent Technologies Co., Ltd.","Room 506, No.1 Building, No.6, South Industrial Road, Songshan Lake National High-tech Industrial Development Zone Dongguan City, Guangdong Province  CN 523808 "
MA-L,3CA916,"Huawei Device Co., Ltd.","No.2 of Xincheng Road, Songshan Lake Zone Dongguan Guangdong CN 523808 "
MA-L,806A00,"Cisco Systems, Inc",80 West Tasman Drive San Jose CA US 94568 
MA-L,A06C65,Texas Instruments,12500 TI Blvd Dallas TX US 75243 
MA-L,448502,"Shenzhen SuperElectron Technology Co.,Ltd.","1213-1214, haosheng business center, dongbin road, nanshan street, nanshan district, shenzhen city Shenzhen Guangdong CN 518000 "
MA-L,F4A454,IEEE Registration Authority,445 Hoes Lane Piscataway NJ US 08554 
MA-L,58FCC6,TOZO INC,1546 NW 56TH ST # 743 SEATTLE WA US 98107-5209 
MA-L,C41C07,"Samsung Electronics Co.,Ltd","#94-1, Imsoo-Dong Gumi Gyeongbuk KR 730-350 "
MA-L,4011C3,"Samsung Electronics Co.,Ltd","#94-1, Imsoo-Dong Gumi Gyeongbuk KR 730-350 "
MA-L,C47D9F,"Samsung Electronics Co.,Ltd","#94-1, Imsoo-Dong Gumi Gyeongbuk KR 730-350 "
MA-L,A4EF15,AltoBeam (China) Inc.,"B808, Tsinghua Tongfang Hi-Tech Plaza, Haidian Beijing Beijing CN 100083 "
MA-L,1CE57F,"Samsung Electronics Co.,Ltd","#94-1, Imsoo-Dong Gumi Gyeongbuk KR 730-350 "
MA-L,085531,Routerboard.com,Mikrotikls SIA Riga Riga LV LV1009 
MA-L,241145,Xiaomi Communications Co Ltd,"#019, 9th Floor, Building 6, 33 Xi'erqi Middle Road Beijing Haidian District CN 100085 "
MA-L,00042B,"IT Access Co., Ltd.","3-17-6, Shinyokohama, Kouhoku-ku Yokohama-shi Kanagawa JP 222-8545 "
MA-L,D44F67,"HUAWEI TECHNOLOGIES CO.,LTD","No.2 Xin Cheng Road, Room R6,Songshan Lake Technology Park Dongguan  CN 523808 "
MA-L,F8B95A,LG Innotek,"26, Hanamsandan 5beon-ro Gwangju Gwangsan-gu KR 506-731 "
MA-L,781F11,RAB Lighting,"Northvale (NJ) 141 Legrand  Ave. Northvale, NJ 07647  Northvale NJ US 07647 "
MA-L,107100,"Huawei Device Co., Ltd.","No.2 of Xincheng Road, Songshan Lake Zone Dongguan Guangdong CN 523808 "
MA-L,607EA4,Shanghai Imilab Technology Co.Ltd,"29F, A Tower, New Caohejing International Business Center, Guiping Road, Xuhui District Shanghai Shanghai CN 200000 "
MA-L,B4FF98,"HUAWEI TECHNOLOGIES CO.,LTD","No.2 Xin Cheng Road, Room R6,Songshan Lake Technology Park Dongguan  CN 523808 "
MA-L,0838E6,"Motorola (Wuhan) Mobility Technologies Communication Co., Ltd.","No.19, Gaoxin 4th Road, Wuhan East Lake High-tech Zone, Wuhan Wuhan Hubei CN 430000 "
MA-L,E8C2DD,Infinix mobility limited,"RMS 05-15, 13A/F SOUTH TOWER WORLD FINANCE CTR HARBOUR CITY 17 CANTON RD TST KLN HONG KONG HongKong HongKong HK 999077 "
MA-L,C41C9C,JiQiDao,"No.19, SuYuan Avenue, Jiangning District NanJing Jiangsu CN 210000 "
MA-L,98F181,"New H3C Technologies Co., Ltd","466 Changhe Road, Binjiang District Hangzhou Zhejiang CN 310052 "
MA-L,8C55BB,"Songwoo Information & Technology Co., Ltd","24-9, Jinju-daero 404beon-gil, Jinju-si, Gyeongsangnam-do, Korea  Jinju Gyeongsangnam-do KR 52826 "
MA-L,7C8FDE,DWnet Technologies(Suzhou) Corporation,"No.8,Tangzhuang Road, Suzhou Industrial Park, Jiangsu, China Suzhou  CN 21500 "
MA-L,90808F,"Huawei Device Co., Ltd.","No.2 of Xincheng Road, Songshan Lake Zone Dongguan Guangdong CN 523808 "
MA-L,184516,Texas Instruments,12500 TI Blvd Dallas TX US 75243 
MA-L,D02EAB,Texas Instruments,12500 TI Blvd Dallas TX US 75243 
MA-L,847127,Silicon Laboratories,400 West Cesar Chavez Street Austin TX US 78701 
MA-L,F0F7E7,"HUAWEI TECHNOLOGIES CO.,LTD","No.2 Xin Cheng Road, Room R6,Songshan Lake Technology Park Dongguan  CN 523808 "
MA-L,849DC2,"Shanghai MXCHIP Information Technology Co., Ltd.","9th Floor, No. 5 Building, 2145 Jinshajiang Rd., Putuo District Shanghai  CN 200333 "
MA-L,40A9CF,Amazon Technologies Inc.,P.O Box 8102 Reno NV US 89507 
MA-L,5895D8,IEEE Registration Authority,445 Hoes Lane Piscataway NJ US 08554 
MA-L,F80DAC,HP Inc.,10300 Energy Dr Spring TX US 77389 
MA-L,8850F6,"Shenzhen Jingxun Software Telecommunication Technology Co.,Ltd","3/F,A5 Building Zhiyuan Community No.1001,Xueyuan Road Nanshan Distric Shenzhen Guangdong CN 518055 "
MA-L,0405DD,"Shenzhen Cultraview Digital Technology Co., Ltd","F6,M6,Maqueling, High-tech park, Nanshan district Shenzhen Guangdong CN 518057 "
MA-L,3897A4,"ELECOM CO.,LTD.",2F Kudan First Place Bldg. 4-1-28 Chiyoda-ku Kudan Kita JP 102-0073 
MA-L,E433AE,"GUANGDONG OPPO MOBILE TELECOMMUNICATIONS CORP.,LTD","NO.18 HAIBIN ROAD, DONG GUAN GUANG DONG CN 523860 "
MA-L,387A3C,"Fiberhome Telecommunication Technologies Co.,LTD",No.5 DongXin Road Wuhan Hubei CN 430074 
MA-L,8CCE4E,Espressif Inc.,"Room 204, Building 2, 690 Bibo Rd, Pudong New Area Shanghai Shanghai CN 201203 "
MA-L,40B5C1,"Cisco Systems, Inc",80 West Tasman Drive San Jose CA US 94568 
MA-L,E44791,"Iris ID Systems, Inc.",8 Clarke Drive Cranbury  US 08512 
MA-L,F013C1,"Hannto Technology Co., Ltd","Rm 704,No.1,Lane 88,Shengrong Road, Free Trade Pilot Area, Shanghai Shanghai CN 200120 "
MA-L,8454DF,"Huawei Device Co., Ltd.","No.2 of Xincheng Road, Songshan Lake Zone Dongguan Guangdong CN 523808 "
MA-L,E884A5,Intel Corporate,"Lot 8, Jalan Hi-Tech 2/3   Kulim Kedah MY 09000 "
MA-L,00C035,QUINTAR COMPANY,"370 AMAPOLA AVE., STE.#106 TORRANCE CA US 90501 "
MA-L,1C501E,"Sunplus Technology Co., Ltd.","19, Innovation First Road, Hsinchu Science Park Hsinchu  TW 300 "
MA-L,FC66CF,"Apple, Inc.",1 Infinite Loop Cupertino CA US 95014 
MA-L,AC1D06,"Apple, Inc.",1 Infinite Loop Cupertino CA US 95014 
MA-L,44A8FC,"Apple, Inc.",1 Infinite Loop Cupertino CA US 95014 
MA-L,F81093,"Apple, Inc.",1 Infinite Loop Cupertino CA US 95014 
MA-L,DCE994,CLOUD NETWORK TECHNOLOGY SINGAPORE PTE. LTD.,"B22 Building,NO.51 Tongle Road, Shajing Town, Jiangnan District, Nanning, Guangxi Province, China Nanning Guangxi CN 530007 "
MA-L,409505,"ACOINFO TECHNOLOGY CO.,LTD","Building No.12,Zhongguancun Cuihu Technology Park,Haidian District,Beijing,China Beijing  CN 100095 "
MA-L,5CD89E,"Huawei Device Co., Ltd.","No.2 of Xincheng Road, Songshan Lake Zone Dongguan Guangdong CN 523808 "
MA-L,B82D28,"AMPAK Technology,Inc.","3F, No.15-1 Zhonghua Road, Hsinchu Industrail Park, Hukou, Hsinchu Hsinchu,Taiwan R.O.C. TW 30352 "
MA-L,A4134E,Luxul ,14203 Minuteman Drive Draper UT US 84020 
MA-L,B85F98,Amazon Technologies Inc.,P.O Box 8102 Reno NV US 89507 
MA-L,D8F883,Intel Corporate,"Lot 8, Jalan Hi-Tech 2/3   Kulim Kedah MY 09000 "
MA-L,B436D1,Renesas Electronics (Penang) Sdn. Bhd.,"Phase 3, Bayan Lepas FIZ Bayan Lepas Penang MY 11900 "
MA-L,101965,"New H3C Technologies Co., Ltd","466 Changhe Road, Binjiang District Hangzhou Zhejiang CN 310052 "
MA-L,DC774C,"Cisco Systems, Inc",80 West Tasman Drive San Jose CA US 94568 
MA-L,204441,Remote Solution,"71, Gunpo Cheom Dan San eop 2-ro Gunpo-si Gyeonggi-do KR 15880 "
MA-L,FC4482,Intel Corporate,"Lot 8, Jalan Hi-Tech 2/3   Kulim Kedah MY 09000 "
MA-L,A085FC,Microsoft Corporation,One Microsoft Way REDMOND WA US 98052 
MA-L,80F1F1,"Tech4home, Lda",Rua de Fundoes N151 Sao Joao da Madeira Aveiro PT 3700-121 
MA-L,006151,"HUAWEI TECHNOLOGIES CO.,LTD","No.2 Xin Cheng Road, Room R6,Songshan Lake Technology Park Dongguan  CN 523808 "
MA-L,BC76C5,"HUAWEI TECHNOLOGIES CO.,LTD","No.2 Xin Cheng Road, Room R6,Songshan Lake Technology Park Dongguan  CN 523808 "
MA-L,5C0272,Silicon Laboratories,400 West Cesar Chavez Street Austin TX US 78701 
MA-L,000430,Netgem,27 rue d'Orleans   FR  
MA-L,0446CF,"Beijing Venustech Cybervision Co.,Ltd.","Venus Plaza No.21Zhongguancun Software Park,No.8 Dongbeiwang Xilu, Haidian District Beijing Beijing CN 100193 "
MA-L,B88035,Shenzhen Qihu Intelligent Technology Company Limited,"Room 201, Block A, No.1, Qianwan Road 1,Qianhai Shenzhen HongKong Modern Service Industry Cooperation Zone Shenzhen Guangdong CN 518057 "
MA-L,9012A1,We Corporation Inc.,"201, 33, Deokcheon-ro, Manan-gu Anyang-si Gyeonggi-do KR 14088 "
MA-L,64B623,Schrack Seconet Care Communication GmbH,Eibesbrunnergasse 18  Vienna  AT 1120 
MA-L,000EFF,"Megasolution,Inc.",2-7-10 Shitaya Taito TOKYO JP 110-0004 
MA-L,702C09,"Nintendo Co.,Ltd","11-1 HOKOTATE-CHO KAMITOBA,MINAMI-KU KYOTO KYOTO JP 601-8501 "
MA-L,E4D373,"HUAWEI TECHNOLOGIES CO.,LTD","No.2 Xin Cheng Road, Room R6,Songshan Lake Technology Park Dongguan  CN 523808 "
MA-L,C0BC9A,"HUAWEI TECHNOLOGIES CO.,LTD","No.2 Xin Cheng Road, Room R6,Songshan Lake Technology Park Dongguan  CN 523808 "
MA-L,E81B69,Sercomm Corporation.,"3F,No.81,Yu-Yih Rd.,Chu-Nan Chen Miao-Lih Hsuan  TW 115 "
MA-L,6852D6,"UGame Technology Co.,Ltd","3F, Bld.7, F518 Idea Land, No. 1065 Baoyuan Road, Xixiang Street, Baoan District Shenzhen  CN 518102 "
MA-L,FC1999,Xiaomi Communications Co Ltd,"#019, 9th Floor, Building 6, 33 Xi'erqi Middle Road Beijing Haidian District CN 100085 "
MA-L,CC874A,Nokia,600 March Road Kanata Ontario CA K2K 2E6 
MA-L,A45129,XAG,"Block C, 115 Gaopu Road Guangzhou  CN 510663 "
MA-L,B4C26A,Garmin International,1200 E. 151st St Olathe KS US 66062 
MA-L,78F8B8,Rako Controls Ltd,Knight Road Rochester Kent GB ME2 2AH 
MA-L,6CE5F7,"New H3C Technologies Co., Ltd","466 Changhe Road, Binjiang District Hangzhou Zhejiang CN 310052 "
MA-L,B8DD71,zte corporation,"12/F.,zte R&D building ,kejinan Road,Shenzhen,P.R.China shenzhen guangdong CN 518057 "
MA-L,F4E578,"LLC Proizvodstvennaya Kompania ""TransService""","Ulitsa Podolskih Kursantov,  build. 3, of. 133 Moscow Moscow RU 117545 "
